QYEAR,NEWID,SEQNO,ALCNO,REC_ORIG,PROP_NOH,PROP0NOH,OWNYH,OWNYH_,PAIDLOAN,PAID_OAN,PRIMPLUS,PRIM_LUS,JINTPDX,JINTPDX_,JLCPRINX,JLCP_INX,LOAN_NOH,LOAN0NOH,TOTOWED,TOTOWED_
20181,03639634,20,0,5,01,D,100,D,2,D,0.0600,D,,A,,A,01,D,0,D
20181,03640364,14,0,5,01,D,100,D,1,D,0.0600,D,270,F,1455,F,01,D,18000,F
20181,03640534,20,0,5,01,D,100,D,1,D,0.0600,D,720,D,780,D,01,D,48000,D
20181,03640744,52,0,5,01,D,100,D,1,D,0.0600,D,1485,D,-471,D,01,D,99000,D
20181,03640784,51,0,5,01,D,100,D,1,D,0.0600,D,249,D,501,D,01,D,16600,D
20181,03640874,77,0,5,01,D,100,D,2,D,0.0600,D,,A,,A,01,D,0,D
20181,03640904,20,0,5,01,D,100,D,2,D,0.0600,D,,A,,A,01,D,0,D
20181,03641134,37,0,5,01,D,100,D,1,D,0.0600,D,375,D,675,D,01,D,25000,D
20181,03641194,14,0,5,01,D,100,D,2,D,0.0600,D,,A,,A,01,D,0,D
20181,03641654,31,0,5,01,D,100,D,1,D,0.0600,D,1020,F,780,F,01,D,68000,F
20181,03641914,22,0,5,01,D,100,D,2,D,0.0600,D,,A,,A,01,D,0,D
20181,03642064,23,0,5,01,D,100,D,2,D,0.0600,D,,A,,A,01,D,0,D
20181,03642344,42,0,5,01,D,100,D,2,D,0.0600,D,,A,,A,01,D,0,D
20181,03642614,39,0,5,01,D,100,D,2,D,0.0600,D,,A,,A,01,D,0,D
20181,03642924,55,0,5,01,D,100,D,1,D,0.0600,D,3670,D,9011,D,01,D,295655,T
20181,03642994,31,0,5,01,D,100,D,1,D,0.0600,D,360,F,19,F,01,D,24000,F
20181,03643634,40,0,5,01,D,100,D,1,D,0.0600,D,300,D,900,D,01,D,20000,D
20181,03644904,27,0,5,01,D,100,D,1,D,0.0600,D,735,D,375,D,01,D,49000,D
20181,03645094,25,0,5,01,D,100,D,1,D,0.0600,D,270,D,1455,D,01,D,18000,D
20181,03645574,16,0,5,01,D,100,D,2,D,0.0600,D,,A,,A,01,D,50000,D
20181,03645654,18,0,5,01,D,100,D,2,D,0.0600,D,,A,,A,01,D,0,D
20181,03646384,50,0,5,01,D,100,D,2,D,0.0600,D,,A,,A,02,D,0,D
20181,03646384,51,0,5,01,D,100,D,2,D,0.0600,D,,A,,A,01,D,0,D
20181,03646814,35,0,5,01,D,100,D,1,D,0.0600,D,38,F,1462,F,01,D,2500,F
20181,03646824,28,0,5,01,D,100,D,2,D,0.0600,D,,A,,A,01,D,0,D
20181,03646944,36,0,5,01,D,100,D,1,D,0.0600,D,2100,D,1500,D,01,D,140000,D
20181,03647024,12,0,5,01,D,100,D,1,D,0.0600,D,570,F,30,F,01,D,38000,F
20181,03648064,19,0,5,01,D,100,D,2,D,0.0600,D,750,F,450,F,01,D,50000,F
20181,03648484,33,0,5,01,D,100,D,1,D,0.0600,D,2085,D,-885,D,01,D,139000,D
20181,03648534,23,0,5,01,D,100,D,2,D,0.0600,D,,A,,A,01,D,151947,D
20181,03649354,42,0,5,01,D,100,D,2,D,0.0600,D,,A,,A,01,D,0,D
20181,03649664,18,0,5,01,D,100,D,2,D,0.0600,D,,A,,A,01,D,0,D
20181,03649704,20,0,5,01,D,100,D,1,D,0.0600,D,900,F,-395,F,01,D,60000,F
20181,03650564,34,0,5,01,D,100,D,2,D,0.0600,D,,A,,A,01,D,0,D
20181,03650614,47,0,5,01,D,200,D,2,D,0.0600,D,,A,,A,01,D,70000,D
20181,03650934,17,0,5,01,D,100,D,2,D,0.0600,D,135,F,1365,F,01,D,9000,F
20181,03651584,16,0,5,01,D,100,D,1,D,0.0600,D,90,D,210,D,01,D,6000,D
20181,03651884,40,0,5,01,D,100,D,1,D,0.0600,D,2,D,148,D,01,D,150,D
20181,03652144,28,0,5,01,D,100,D,1,D,0.0600,D,213,D,2787,D,01,D,14170,D
20181,03652474,27,0,5,01,D,100,D,1,D,0.0600,D,422,D,-87,D,01,D,28133,D
20181,03652684,19,0,5,01,D,100,D,1,D,0.0600,D,405,D,1095,D,01,D,27000,D
20181,03653724,30,0,5,01,D,100,D,1,D,0.0600,D,375,D,525,D,01,D,25000,D
20181,03655624,47,0,5,01,D,100,D,1,D,0.0600,D,489,D,496,D,01,D,32600,D
20181,03655634,22,0,5,01,D,100,D,1,D,0.0600,D,138,D,462,D,01,D,9200,D
20181,03655774,15,0,5,01,D,100,D,1,D,0.0600,D,270,D,1230,D,01,D,18000,D
20181,03655944,22,0,5,01,D,100,D,2,D,0.0600,D,300,F,300,F,01,D,20000,F
20181,03656044,16,0,5,01,D,100,D,1,D,0.0600,D,900,D,-395,D,01,D,60000,D
20181,03656854,16,0,5,01,D,100,D,1,D,0.0600,D,120,D,4380,D,01,D,8000,D
20181,03657674,35,0,5,01,D,100,D,1,D,0.0600,D,435,D,915,D,01,D,29000,D
20181,03657904,35,0,5,01,D,100,D,1,D,0.0600,D,975,D,927,D,01,D,65000,D
20181,03657904,36,0,5,01,D,100,D,1,D,0.0600,D,1125,D,675,D,02,D,75000,D
20181,03659714,49,0,5,01,D,100,D,1,D,0.0600,D,405,D,27012,T,01,D,27000,D
20181,03659714,50,0,5,01,D,100,D,1,D,0.0600,D,780,D,420,D,02,D,52000,D
20181,03660334,19,0,5,01,D,100,D,2,D,0.0600,D,,A,,A,01,D,170000,D
20181,03660524,8,0,1,01,D,100,D,1,D,0.0600,D,105,F,1695,F,01,D,7000,F
20181,03660734,13,0,5,01,D,100,D,1,D,0.0600,D,195,F,1080,F,01,D,13000,F
20181,03661824,36,0,5,01,D,100,D,1,D,0.0600,D,308,D,-98,D,01,D,20562,D
20181,03662214,42,0,5,01,D,100,D,1,D,0.0600,D,153,D,447,D,01,D,10222,D
20181,03662464,30,0,5,01,D,100,D,2,D,0.0600,D,,A,,A,01,D,0,D
20181,03662674,28,0,5,01,D,100,D,1,D,0.0600,D,705,D,795,D,01,D,47000,D
20181,03662824,27,0,5,01,D,100,D,2,D,0.0600,D,,A,,A,01,D,0,D
20181,03662944,47,0,5,01,D,100,D,1,D,0.0600,D,735,D,5265,D,01,D,49000,D
20181,03663284,28,0,5,01,D,100,D,1,D,0.0600,D,1280,D,1566,D,01,D,85300,D
20181,03663334,25,0,5,02,D,300,D,2,D,0.0600,D,,A,,A,01,D,0,D
20181,03663344,47,0,5,01,D,100,D,1,D,0.0600,D,315,D,225,D,01,D,21000,D
20181,03665284,18,0,5,01,D,100,D,2,D,0.0600,D,,A,,A,01,D,20000,D
20181,03666554,27,0,5,01,D,100,D,1,D,0.0600,D,60,D,1308,D,01,D,4000,D
20181,03667064,13,0,5,01,D,100,D,2,D,0.0600,D,375,F,525,F,01,D,25000,F
20181,03667164,10,0,5,01,D,100,D,1,D,0.0600,D,90,F,0,F,01,D,6000,F
20181,03668054,42,0,5,01,D,100,D,1,D,0.0600,D,2400,D,3300,D,01,D,160000,D
20181,03669014,34,0,5,01,D,100,D,1,D,0.0600,D,562,D,488,D,01,D,37493,D
20181,03669454,43,0,5,01,D,100,D,1,D,0.0600,D,1045,D,455,D,01,D,69650,D
20181,03670014,10,0,5,01,D,100,D,2,D,0.0600,D,,A,,A,01,D,0,D
20181,03670014,11,0,5,01,D,100,D,2,D,0.0600,D,,A,,A,02,D,0,D
20181,03670224,25,0,5,01,D,100,D,1,D,0.0600,D,630,D,-30,D,01,D,42000,D
20181,03670554,38,0,5,01,D,100,D,1,D,0.0600,D,225,D,2775,D,01,D,15000,D
20181,03671334,35,0,5,01,D,100,D,1,D,0.0600,D,90,D,0,D,01,D,6000,D
20181,03692583,15,0,5,01,D,100,D,2,D,0.0600,D,,A,,A,01,D,195000,D
20181,03693043,27,0,5,01,D,100,D,1,D,0.0600,D,210,D,390,D,01,D,14000,D
20181,03694883,20,0,5,01,D,100,D,1,D,0.0600,D,300,F,11700,F,01,D,20000,F
20181,03695073,31,0,5,01,D,100,D,1,D,0.0600,D,300,D,300,D,01,D,20000,D
20181,03695243,29,0,5,01,D,100,D,1,D,0.0600,D,1020,D,780,D,01,D,68000,D
20181,03695843,42,0,5,01,D,100,D,1,D,0.0600,D,128,D,202,D,01,D,8500,D
20181,03696793,43,0,5,01,D,100,D,1,D,0.0600,D,293,D,-83,D,01,D,19500,D
20181,03699863,33,0,5,01,D,100,D,1,D,0.0600,D,825,D,105,D,01,D,55000,D
20181,03699983,39,0,5,01,D,100,D,1,D,0.0600,D,450,D,1050,D,01,D,30000,D
20181,03700033,31,0,5,01,D,100,D,2,D,0.0600,D,,A,,A,01,D,0,D
20181,03700653,26,0,5,01,D,100,D,1,D,0.0600,D,375,D,705,D,01,D,25000,D
20181,03702243,20,0,5,01,D,100,D,2,D,0.0600,D,,A,,A,01,D,0,D
20181,03713363,52,0,5,01,D,100,D,1,D,0.0600,D,465,D,135,D,01,D,31000,D
20181,03713623,29,0,5,01,D,100,D,1,D,0.0600,D,555,D,432,D,01,D,37000,D
20181,03713833,14,0,5,01,D,100,D,1,D,0.0600,D,24,D,1576,D,01,D,1600,D
20181,03714613,19,0,5,01,D,100,D,1,D,0.0600,D,735,D,753,D,01,D,49000,D
20181,03714913,13,0,5,01,D,100,D,1,D,0.0600,D,720,D,-120,D,01,D,48000,D
20181,03715493,37,0,5,01,D,200,D,2,D,0.0600,D,,A,,A,01,D,0,D
20181,03715533,16,0,5,01,D,100,D,1,D,0.0600,D,2550,D,6450,D,01,D,170000,D
20181,03716513,32,0,5,01,D,100,D,2,D,0.0600,D,,A,,A,01,D,0,D
20181,03717683,35,0,5,01,D,100,D,1,D,0.0600,D,233,D,667,D,01,D,15508,D
20181,03717903,12,0,5,01,D,100,D,1,D,0.0600,D,600,F,69,F,01,D,40000,F
20181,03718753,23,0,5,01,D,100,D,2,D,0.0600,D,,A,,A,01,D,0,D
20181,03719083,22,0,5,01,D,100,D,1,D,0.0600,D,1110,D,2490,D,01,D,74000,D
20181,03719693,34,0,5,01,D,100,D,1,D,0.0600,D,72,D,878,D,01,D,4800,D
20181,03719953,15,0,5,01,D,100,D,2,D,0.0600,D,2100,F,1500,F,01,D,140000,F
20181,03720363,13,0,5,01,D,100,D,1,D,0.0600,D,570,D,4430,D,01,D,38000,D
20181,03720413,23,0,5,01,D,100,D,1,D,0.0600,D,180,D,720,D,01,D,12000,D
20181,03720713,18,0,5,01,D,100,D,1,D,0.0600,D,113,D,1237,D,01,D,7500,D
20181,03720783,30,0,5,01,D,100,D,1,D,0.0600,D,900,D,-300,D,01,D,60000,D
20181,03721323,19,0,1,03,D,200,D,1,D,0.0600,D,2775,D,225,D,01,D,185000,D
20181,03722373,20,0,5,01,D,100,D,1,D,0.0600,D,120,F,600,F,01,D,8000,F
20181,03722483,49,0,5,01,D,100,D,1,D,0.0600,D,17,D,1133,D,01,D,1150,D
20181,03722663,17,0,5,01,D,100,D,2,D,0.0600,D,,A,,A,01,D,62000,D
20181,03722843,48,0,5,01,D,100,D,1,D,0.0600,D,2010,D,1230,D,02,D,134000,D
20181,03722843,49,0,5,01,D,100,D,1,D,0.0600,D,1050,D,1950,D,01,D,70000,D
20181,03723523,28,0,5,01,D,100,D,1,D,0.0600,D,2250,D,-975,D,01,D,150000,D
20181,03734923,7,0,5,01,D,100,D,1,D,0.0600,D,2,D,42,D,01,D,100,D
20181,03735443,19,0,5,01,D,100,D,2,D,0.0600,D,,A,,A,01,D,1000,D
20181,03736703,32,0,5,01,D,100,D,1,D,0.0600,D,795,D,405,D,01,D,53000,D
20181,03736783,59,0,5,01,D,100,D,1,D,0.0600,D,466,D,3284,D,01,D,31092,D
20181,03737503,22,0,5,01,D,100,D,1,D,0.0600,D,165,D,935,D,01,D,11000,D
20181,03737913,23,0,5,01,D,100,D,1,D,0.0600,D,1065,D,27012,T,01,D,71000,D
20181,03738283,30,0,5,01,D,100,D,2,D,0.0600,D,,A,,A,01,D,10000,D
20181,03738313,26,0,5,01,D,100,D,1,D,0.0600,D,150,D,918,D,01,D,10000,D
20181,03738493,24,0,5,01,D,100,D,2,D,0.0600,D,435,F,1415,F,01,D,29000,F
20181,03739353,25,0,5,01,D,100,D,1,D,0.0600,D,293,F,-83,F,01,D,19500,F
20181,03739873,23,0,5,01,D,100,D,1,D,0.0600,D,330,D,570,D,01,D,22000,D
20181,03740203,37,0,5,01,D,100,D,1,D,0.0600,D,450,D,450,D,01,D,30000,D
20181,03740643,22,0,5,01,D,100,D,2,D,0.0600,D,270,F,1230,F,01,D,18000,F
20181,03742303,19,0,5,01,D,100,D,1,D,0.0600,D,2,D,298,D,01,D,153,D
20181,03742863,43,0,5,01,D,100,D,1,D,0.0600,D,300,F,480,F,01,D,20000,F
20181,03743063,36,0,5,01,D,100,D,2,D,0.0600,D,,A,,A,01,D,0,D
20181,03743433,22,0,5,01,D,100,D,2,D,0.0600,D,,A,,A,01,D,5000,D
20181,03743863,28,0,5,01,D,100,D,1,D,0.0600,D,615,F,618,F,01,D,41000,F
20181,03755802,18,0,5,01,D,100,D,1,D,0.0600,D,165,D,585,D,01,D,11000,D
20181,03756502,30,0,5,01,D,100,D,1,D,0.0600,D,600,D,300,D,01,D,40000,D
20181,03757092,47,0,5,01,D,100,D,1,D,0.0600,D,81,D,2919,D,01,D,5400,D
20181,03757462,33,0,5,01,D,100,D,1,D,0.0600,D,600,D,1800,D,01,D,40000,D
20181,03757942,28,0,5,01,D,100,D,2,D,0.0600,D,,A,,A,01,D,10000,D
20181,03758542,26,0,5,01,D,100,D,1,D,0.0600,D,450,D,-93,D,01,D,30000,D
20181,03758582,17,0,5,01,D,100,D,1,D,0.0600,D,135,D,630,D,01,D,9000,D
20181,03759572,27,0,5,01,D,100,D,1,D,0.0600,D,600,D,69,D,01,D,40000,D
20181,03761822,63,0,5,02,D,200,D,1,D,0.0600,D,1215,D,27012,T,01,D,81000,D
20181,03761902,22,0,5,01,D,100,D,2,D,0.0600,D,,A,,A,01,D,0,D
20181,03762042,33,0,5,01,D,100,D,1,D,0.0600,D,1150,D,650,D,01,D,76690,D
20181,03763122,22,0,5,01,D,100,D,2,D,0.0600,D,,A,,A,01,D,13000,D
20181,03763222,24,0,5,01,D,100,D,1,D,0.0600,D,8,D,552,D,01,D,560,D
20181,03764952,21,0,5,01,D,100,D,1,D,0.0600,D,990,D,2010,D,01,D,66000,D
20181,03765252,49,0,5,01,D,100,D,1,D,0.0600,D,2550,F,6450,F,01,D,170000,F
20181,03765622,15,0,5,01,D,100,D,2,D,0.0600,D,990,F,2010,F,01,D,66000,F
20181,03765632,26,0,5,01,D,100,D,1,D,0.0600,D,690,D,0,D,01,D,46000,D
20181,03777482,34,0,5,01,D,100,D,1,D,0.0600,D,180,D,1353,D,01,D,12000,D
20181,03777962,22,0,5,01,D,100,D,1,D,0.0600,D,15,D,75,D,01,D,1000,D
20181,03778332,23,0,5,01,D,100,D,1,D,0.0600,D,32,D,568,D,01,D,2100,D
20181,03778652,32,0,5,01,D,100,D,1,D,0.0600,D,1410,D,-240,D,01,D,94000,D
20181,03778782,13,0,5,01,D,100,D,2,D,0.0600,D,,A,,A,01,D,0,D
20181,03778992,34,0,5,01,D,100,D,1,D,0.0600,D,615,D,618,D,01,D,41000,D
20181,03779082,18,0,5,01,D,100,D,1,D,0.0600,D,630,D,870,D,01,D,42000,D
20181,03779432,21,0,5,01,D,100,D,1,D,0.0600,D,1280,F,1566,F,01,D,85300,F
20181,03779512,20,0,5,01,D,100,D,1,D,0.0600,D,1013,D,562,D,01,D,67550,D
20181,03780932,56,0,5,02,D,300,D,1,D,0.0600,D,1875,D,1125,D,01,D,125000,D
20181,03781472,18,0,5,01,D,100,D,1,D,0.0600,D,2,F,42,F,01,D,100,F
20181,03781492,13,0,5,01,D,100,D,1,D,0.0600,D,720,F,780,F,01,D,48000,F
20181,03781672,20,0,5,01,D,100,D,2,D,0.0600,D,,A,,A,01,D,295655,T
20181,03782392,25,0,5,01,D,100,D,2,D,0.0600,D,,A,,A,01,D,0,D
20181,03783022,21,0,5,01,D,100,D,1,D,0.0600,D,300,D,480,D,01,D,20000,D
20181,03783282,11,0,5,01,D,100,D,1,D,0.0600,D,1470,F,30,F,01,D,98000,F
20181,03783302,28,0,1,01,D,100,D,1,D,0.0600,D,300,D,-260,D,01,D,20000,D
20181,03784092,42,0,5,01,D,100,D,1,D,0.0600,D,3105,D,195,D,01,D,207000,D
20181,03784232,33,0,5,01,D,100,D,1,D,0.0600,D,263,D,1407,D,01,D,17500,D
20181,03784472,22,0,5,01,D,100,D,1,D,0.0600,D,195,D,1080,D,01,D,13000,D
20181,03784672,18,0,5,01,D,100,D,1,D,0.0600,D,375,D,1725,D,01,D,25000,D
20181,03784832,28,0,5,01,D,100,D,1,D,0.0600,D,1275,D,-75,D,01,D,85000,D
20181,03786222,18,0,5,01,D,100,D,1,D,0.0600,D,570,D,30,D,01,D,38000,D
20181,03786682,13,0,1,01,D,100,D,1,D,0.0600,D,422,F,-87,F,01,D,28133,F
20181,03798252,24,0,5,01,D,100,D,1,D,0.0600,D,105,D,795,D,01,D,7000,D
20181,03798683,21,0,5,01,D,100,D,1,D,0.0600,D,75,D,1025,D,01,D,5000,D
20181,03798952,17,0,5,01,D,100,D,1,D,0.0600,D,780,F,420,F,01,D,52000,F
20181,03800962,18,0,5,01,D,100,D,1,D,0.0600,D,150,D,144,D,01,D,10000,D
20181,03801282,38,0,5,01,D,100,D,2,D,0.0600,D,,A,,A,01,D,0,D
20181,03801722,16,0,5,01,D,100,D,1,D,0.0600,D,1290,D,960,D,01,D,86000,D
20181,03802032,28,0,5,01,D,100,D,2,D,0.0600,D,,A,,A,01,D,19500,D
20181,03803192,36,0,5,01,D,100,D,2,D,0.0600,D,,A,,A,01,D,0,D
20181,03803232,28,0,5,01,D,100,D,1,D,0.0600,D,156,D,519,D,01,D,10400,D
20181,03803522,40,0,5,01,D,100,D,1,D,0.0600,D,2175,D,525,D,01,D,145000,D
20181,03803802,20,0,5,01,D,100,D,1,D,0.0600,D,105,D,1695,D,01,D,7000,D
20181,03804282,49,0,5,01,D,100,D,1,D,0.0600,D,405,D,645,D,01,D,27000,D
20181,03804822,34,0,5,01,D,100,D,1,D,0.0600,D,270,D,27012,T,01,D,18000,D
20181,03805132,26,0,1,01,D,100,D,1,D,0.0600,D,1200,D,1800,D,01,D,80000,D
20181,03805402,33,0,5,01,D,100,D,1,D,0.0600,D,465,D,1035,D,01,D,31000,D
20181,03805842,36,0,5,01,D,100,D,2,D,0.0600,D,,A,,A,01,D,0,D
20181,03806192,18,0,1,01,D,100,D,1,D,0.0600,D,120,D,930,D,01,D,8000,D
20181,03806252,40,0,5,01,D,100,D,1,D,0.0600,D,435,F,915,F,01,D,29000,F
20181,03807372,31,0,5,01,D,100,D,1,D,0.0600,D,300,D,600,D,01,D,20000,D
20181,03807632,20,0,5,01,D,100,D,1,D,0.0600,D,30,D,270,D,01,D,2000,D
20181,03819301,21,0,1,01,D,100,D,1,D,0.0600,D,120,D,600,D,01,D,8000,D
20181,03820741,15,0,1,01,D,100,D,1,D,0.0600,D,353,D,383,D,01,D,23500,D
20181,03821081,17,0,1,01,D,100,D,1,D,0.0600,D,480,D,270,D,01,D,32000,D
20181,03821561,32,0,1,01,D,100,D,1,D,0.0600,D,210,D,1590,D,01,D,14000,D
20181,03821661,7,0,1,01,D,100,D,1,D,0.0600,D,330,D,270,D,01,D,22000,D
20181,03821981,16,0,1,01,D,100,D,1,D,0.0600,D,600,D,-300,D,01,D,40000,D
20181,03822191,16,0,1,01,D,100,D,1,D,0.0600,D,135,D,465,D,01,D,9000,D
20181,03822501,22,0,1,01,D,100,D,1,D,0.0600,D,1410,F,-240,F,01,D,94000,F
20181,03822991,26,0,1,01,D,100,D,1,D,0.0600,D,1050,D,-175,D,01,D,70000,D
20181,03823231,28,0,1,01,D,100,D,1,D,0.0600,D,150,D,1350,D,01,D,10000,D
20181,03824541,17,0,1,01,D,100,D,2,D,0.0600,D,,A,,A,01,D,0,D
20181,03825311,11,0,1,01,D,100,D,1,D,0.0600,D,4500,D,300,D,01,D,295655,T
20181,03825341,23,0,1,01,D,100,D,1,D,0.0600,D,135,D,255,D,01,D,9000,D
20181,03825471,27,0,1,01,D,100,D,1,D,0.0600,D,300,D,11700,D,01,D,20000,D
20181,03825901,65,0,1,01,D,100,D,1,D,0.0600,D,630,D,916,D,01,D,42000,D
20181,03826131,34,0,1,01,D,100,D,1,D,0.0600,D,180,D,1470,D,01,D,12000,D
20181,03827271,59,0,1,01,D,100,D,1,D,0.0600,D,495,D,-195,D,01,D,33000,D
20181,03828341,8,0,1,01,D,100,D,1,D,0.0600,D,105,D,1395,D,01,D,7000,D
20181,03828921,31,0,1,01,D,100,D,2,D,0.0600,D,,A,,A,01,D,15000,D
20181,03840091,26,0,1,01,D,100,D,1,D,0.0600,D,1470,D,30,D,01,D,98000,D
20181,03840451,12,0,1,01,D,100,D,1,D,0.0600,D,840,D,810,D,01,D,56000,D
20181,03840771,26,0,1,01,D,100,D,1,D,0.0600,D,795,F,405,F,01,D,53000,F
20181,03841021,11,0,1,01,D,100,D,1,D,0.0600,D,1297,D,665,D,01,D,86447,D
20181,03841061,20,0,1,01,D,100,D,1,D,0.0600,D,660,D,11340,D,01,D,44000,D
20181,03842381,32,0,1,01,D,100,D,1,D,0.0600,D,240,D,10760,D,01,D,16000,D
20181,03843291,15,0,1,02,D,200,D,1,D,0.0600,D,1050,F,225,F,01,D,70000,F
20181,03843391,35,0,1,01,D,100,D,1,D,0.0600,D,135,D,1365,D,01,D,9000,D
20181,03845341,13,0,1,01,D,100,D,1,D,0.0600,D,1215,F,27012,V,01,D,81000,F
20181,03845941,27,0,1,01,D,100,D,1,D,0.0600,D,435,D,1415,D,01,D,29000,D
20181,03846441,31,0,1,01,D,100,D,1,D,0.0600,D,450,D,-354,D,01,D,30000,D
20181,03846521,33,0,1,01,D,100,D,1,D,0.0600,D,1050,D,225,D,01,D,70000,D
20181,03846931,24,0,1,01,D,100,D,1,D,0.0600,D,435,D,15,D,01,D,29000,D
20181,03847001,22,0,1,01,D,100,D,1,D,0.0600,D,62,D,538,D,01,D,4100,D
20181,03847181,28,0,1,01,D,100,D,1,D,0.0600,D,690,D,430,D,01,D,46000,D
20181,03847461,25,0,1,01,D,100,D,2,D,0.0600,D,180,F,1470,F,01,D,12000,F
20181,03847501,14,0,1,01,D,100,D,1,D,0.0600,D,510,F,192,F,01,D,34000,F
20181,03847771,16,0,1,01,D,100,D,1,D,0.0600,D,4290,D,1710,D,01,D,295655,T
20181,03848051,13,0,1,01,D,100,D,1,D,0.0600,D,480,F,270,F,01,D,32000,F
20181,03848361,39,0,1,01,D,100,D,1,D,0.0600,D,1470,D,1730,D,01,D,98000,D
20181,03848441,6,0,1,01,D,100,D,1,D,0.0600,D,304,D,1595,D,01,D,20280,D
20181,03848521,22,0,1,01,D,100,D,1,D,0.0600,D,600,D,-33,D,01,D,40000,D
20181,03849371,12,0,1,01,D,100,D,1,D,0.0600,D,38,D,1462,D,01,D,2500,D
20181,03849881,37,0,1,01,D,100,D,1,D,0.0600,D,308,F,-98,F,01,D,20562,F
20181,03850551,13,0,1,01,D,100,D,2,D,0.0600,D,,A,,A,01,D,1400,D
20181,03850781,15,0,1,01,D,100,D,1,D,0.0600,D,300,D,1200,D,01,D,20000,D
20181,03851051,45,0,1,01,D,100,D,1,D,0.0600,D,1725,D,-17,D,01,D,115000,D
20181,03851051,46,0,1,01,D,100,D,1,D,0.0600,D,30,D,-5,D,02,D,2000,D
20181,03851111,16,0,1,01,D,100,D,1,D,0.0600,D,308,D,2242,D,01,D,20500,D
20181,03851171,13,0,1,01,D,100,D,2,D,0.0600,D,,A,,A,01,D,0,D
20181,03852231,15,0,1,01,D,100,D,1,D,0.0600,D,750,D,450,D,01,D,50000,D
20181,03853051,12,0,1,01,D,100,D,1,D,0.0600,D,615,D,435,D,01,D,41000,D
20181,03854341,26,0,1,01,D,100,D,1,D,0.0600,D,353,F,383,F,01,D,23500,F
20181,03854411,30,0,1,01,D,100,D,1,D,0.0600,D,1044,D,233,D,01,D,69612,D
20181,03854531,15,0,1,01,D,100,D,1,D,0.0600,D,750,D,-375,D,01,D,50000,D
20181,03854991,12,0,1,01,D,100,D,1,D,0.0600,D,345,F,480,F,01,D,23000,F
20181,03855441,29,0,1,01,D,100,D,1,D,0.0600,D,510,D,192,D,01,D,34000,D
20181,03856361,10,0,1,01,D,100,D,1,D,0.0600,D,1140,D,-540,D,01,D,76000,D
20181,03856811,24,0,1,01,D,100,D,1,D,0.0600,D,195,D,4875,D,01,D,13000,D
20181,03857151,14,0,1,01,D,100,D,1,D,0.0600,D,165,F,585,F,01,D,11000,F
20181,03857651,18,0,1,01,D,100,D,1,D,0.0600,D,105,D,45,D,01,D,7000,D
20181,03859001,11,0,1,01,D,100,D,2,D,0.0600,D,,A,,A,01,D,46000,D
20181,03859661,15,0,1,01,D,100,D,1,D,0.0600,D,345,D,480,D,01,D,23000,D
20181,03860021,25,0,1,01,D,100,D,1,D,0.0600,D,360,D,19,D,01,D,24000,D
20182,03692584,14,0,5,01,D,100,D,2,D,0.0625,D,,A,,A,01,D,190000,D
20182,03693044,27,0,5,01,D,100,D,1,D,0.0625,D,203,D,397,D,01,D,13000,D
20182,03693694,27,0,5,01,D,100,D,1,D,0.0625,D,500,D,850,D,01,D,32000,D
20182,03694054,30,0,5,02,D,200,D,1,D,0.0625,D,0,D,0,D,01,D,0,D
20182,03694734,25,0,5,01,D,100,D,1,D,0.0625,D,156,D,444,D,01,D,10000,D
20182,03694884,21,0,5,01,D,100,D,2,D,0.0625,D,,A,,A,01,D,36000,D
20182,03695244,34,0,5,01,D,100,D,1,D,0.0625,D,109,D,1058,D,01,D,7000,D
20182,03695844,30,0,5,01,D,100,D,1,D,0.0625,D,391,F,1359,F,01,D,25000,F
20182,03696794,37,0,5,01,D,100,D,1,D,0.0625,D,300,D,300,D,01,D,19194,D
20182,03699514,25,0,5,01,D,100,D,1,D,0.0625,D,0,D,0,D,01,D,0,D
20182,03699864,25,0,5,01,D,100,D,1,D,0.0625,D,781,D,419,D,01,D,50000,D
20182,03699984,34,0,5,01,D,100,D,1,D,0.0625,D,641,D,859,D,01,D,41000,D
20182,03700034,28,0,5,01,D,100,D,2,D,0.0625,D,,A,,A,01,D,0,D
20182,03700654,22,0,5,01,D,100,D,1,D,0.0625,D,701,D,349,D,01,D,44895,D
20182,03702244,23,0,5,01,D,100,D,1,D,0.0625,D,469,D,386,D,01,D,30000,D
20182,03713364,27,0,5,01,D,100,D,1,D,0.0625,D,438,D,312,D,01,D,28000,D
20182,03713474,21,0,5,01,D,100,D,1,D,0.0625,D,828,D,222,D,01,D,53000,D
20182,03713624,24,0,5,01,D,100,D,1,D,0.0625,D,234,D,1266,D,01,D,15000,D
20182,03713834,18,0,5,01,D,100,D,2,D,0.0625,D,407,F,586,F,01,D,26020,F
20182,03714614,15,0,5,01,D,100,D,2,D,0.0625,D,625,F,-115,F,01,D,40000,F
20182,03714914,12,0,5,01,D,100,D,1,D,0.0625,D,750,D,-150,D,01,D,48000,D
20182,03715494,36,0,5,01,D,200,D,2,D,0.0625,D,,A,,A,01,D,0,D
20182,03716514,37,0,5,01,D,100,D,2,D,0.0625,D,,A,,A,01,D,0,D
20182,03717684,39,0,5,01,D,100,D,1,D,0.0625,D,231,D,669,D,01,D,14778,D
20182,03717904,20,0,5,01,D,100,D,1,D,0.0625,D,359,D,-259,D,01,D,23000,D
20182,03718754,22,0,5,01,D,100,D,2,D,0.0625,D,1375,F,725,F,01,D,88000,F
20182,03719084,24,0,5,01,D,100,D,1,D,0.0625,D,1219,D,2381,D,01,D,78000,D
20182,03719694,35,0,5,01,D,100,D,1,D,0.0625,D,66,D,634,D,01,D,4200,D
20182,03719954,17,0,5,01,D,100,D,1,D,0.0625,D,156,D,2244,D,01,D,10000,D
20182,03720364,14,0,5,01,D,100,D,2,D,0.0625,D,,A,,A,01,D,38000,D
20182,03720414,24,0,5,01,D,100,D,1,D,0.0625,D,191,D,709,D,01,D,12200,D
20182,03720714,20,0,5,01,D,100,D,1,D,0.0625,D,141,D,1506,D,01,D,9000,D
20182,03720784,31,0,5,01,D,100,D,1,D,0.0625,D,5,D,295,D,01,D,300,D
20182,03721324,25,0,5,03,D,200,D,1,D,0.0625,D,2891,D,109,D,01,D,185000,D
20182,03722374,16,0,5,01,D,100,D,2,D,0.0625,D,,A,,A,01,D,8500,D
20182,03722484,58,0,5,01,D,100,D,1,D,0.0625,D,3672,D,-222,D,01,D,295655,T
20182,03722664,15,0,5,01,D,100,D,1,D,0.0625,D,969,D,-273,D,01,D,62000,D
20182,03722844,48,0,5,01,D,100,D,2,D,0.0625,D,656,F,27012,V,01,D,42000,F
20182,03722844,49,0,5,01,D,100,D,1,D,0.0625,D,781,D,27012,T,02,D,50000,D
20182,03723524,30,0,5,01,D,100,D,2,D,0.0625,D,,A,,A,01,D,170000,D
20182,03723614,44,0,5,01,D,100,D,1,D,0.0625,D,469,F,431,F,01,D,30000,F
20182,03734924,8,0,5,01,D,100,D,2,D,0.0625,D,,A,,A,01,D,0,D
20182,03735444,21,0,5,01,D,100,D,1,D,0.0625,D,3,D,197,D,01,D,200,D
20182,03736704,24,0,5,01,D,100,D,1,D,0.0625,D,407,D,586,D,01,D,26020,D
20182,03736784,48,0,5,01,D,100,D,2,D,0.0625,D,672,F,-72,F,01,D,43000,F
20182,03737504,18,0,5,01,D,100,D,1,D,0.0625,D,195,D,555,D,01,D,12500,D
20182,03737914,30,0,5,01,D,100,D,1,D,0.0625,D,0,D,0,D,01,D,0,D
20182,03738284,25,0,5,01,D,100,D,2,D,0.0625,D,,A,,A,01,D,2000,D
20182,03738314,18,0,5,01,D,100,D,2,D,0.0625,D,0,F,0,F,01,D,0,F
20182,03738494,28,0,5,01,D,100,D,2,D,0.0625,D,,A,,A,01,D,30000,D
20182,03739354,26,0,5,01,D,100,D,1,D,0.0625,D,122,D,378,D,01,D,7800,D
20182,03740144,44,0,5,01,D,100,D,1,D,0.0625,D,2969,D,31,D,01,D,190000,D
20182,03740204,35,0,5,01,D,100,D,1,D,0.0625,D,469,D,470,D,01,D,30000,D
20182,03740644,17,0,5,01,D,100,D,1,D,0.0625,D,469,D,1631,D,01,D,30000,D
20182,03742304,25,0,5,01,D,100,D,2,D,0.0625,D,,A,,A,01,D,0,D
20182,03742414,30,0,5,01,D,100,D,1,D,0.0625,D,625,D,-400,D,01,D,40000,D
20182,03742864,42,0,5,01,D,100,D,1,D,0.0625,D,344,F,256,F,01,D,22000,F
20182,03743064,28,0,5,01,D,100,D,2,D,0.0625,D,,A,,A,01,D,0,D
20182,03743434,19,0,5,01,D,100,D,2,D,0.0625,D,,A,,A,01,D,0,D
20182,03743604,18,0,5,01,D,100,D,1,D,0.0625,D,1469,D,661,D,01,D,94000,D
20182,03743864,22,0,5,01,D,100,D,1,D,0.0625,D,609,D,1941,D,01,D,39000,D
20182,03755803,23,0,5,01,D,100,D,2,D,0.0625,D,,A,,A,01,D,100000,D
20182,03756503,24,0,5,01,D,100,D,2,D,0.0625,D,1125,F,150,F,01,D,72000,F
20182,03757093,35,0,5,01,D,100,D,1,D,0.0625,D,55,D,4445,D,01,D,3500,D
20182,03757463,26,0,5,01,D,100,D,1,D,0.0625,D,547,D,1853,D,01,D,35000,D
20182,03757853,27,0,5,02,D,300,D,2,D,0.0625,D,,A,,A,01,D,463667,T
20182,03758543,26,0,5,01,D,100,D,1,D,0.0625,D,469,D,-97,D,01,D,30000,D
20182,03758583,20,0,5,01,D,100,D,1,D,0.0625,D,144,D,756,D,01,D,9200,D
20182,03759573,25,0,5,01,D,100,D,1,D,0.0625,D,594,D,3006,D,01,D,38000,D
20182,03760573,7,0,1,01,D,100,D,1,D,0.0625,D,94,D,1706,D,01,D,6000,D
20182,03761823,58,0,5,02,D,200,D,1,D,0.0625,D,1207,D,-307,D,01,D,77274,D
20182,03761903,29,0,5,01,D,100,D,2,D,0.0625,D,,A,,A,01,D,0,D
20182,03762043,19,0,5,01,D,100,D,1,D,0.0625,D,1188,D,732,D,01,D,76000,D
20182,03763123,20,0,5,01,D,100,D,2,D,0.0625,D,,A,,A,01,D,13500,D
20182,03764953,16,0,5,01,D,100,D,1,D,0.0625,D,14,D,886,D,01,D,900,D
20182,03765043,11,0,1,01,D,100,D,1,D,0.0625,D,5,F,295,F,01,D,300,F
20182,03765253,44,0,5,01,D,100,D,1,D,0.0625,D,1063,D,587,D,01,D,68000,D
20182,03765333,15,0,1,01,D,100,D,1,D,0.0625,D,148,D,182,D,01,D,9500,D
20182,03765623,15,0,5,01,D,100,D,2,D,0.0625,D,234,F,1416,F,01,D,15000,F
20182,03765633,19,0,5,01,D,100,D,1,D,0.0625,D,750,D,-150,D,01,D,48000,D
20182,03766033,20,0,5,01,D,100,D,1,D,0.0625,D,0,D,0,D,01,D,0,D
20182,03777483,30,0,5,01,D,100,D,1,D,0.0625,D,1031,F,544,F,01,D,66000,F
20182,03777963,20,0,5,01,D,100,D,1,D,0.0625,D,16,D,74,D,01,D,1000,D
20182,03778333,23,0,5,01,D,100,D,1,D,0.0625,D,328,D,572,D,01,D,21000,D
20182,03778383,20,0,5,01,D,100,D,2,D,0.0625,D,,A,,A,01,D,20000,D
20182,03778783,14,0,5,01,D,100,D,2,D,0.0625,D,,A,,A,01,D,0,D
20182,03778993,28,0,5,01,D,100,D,1,D,0.0625,D,641,D,592,D,01,D,41000,D
20182,03779083,19,0,5,01,D,100,D,1,D,0.0625,D,641,D,1159,D,01,D,41000,D
20182,03779433,18,0,5,01,D,100,D,1,D,0.0625,D,47,F,1453,F,01,D,3000,F
20182,03779513,24,0,5,01,D,100,D,1,D,0.0625,D,1031,D,544,D,01,D,66000,D
20182,03780933,48,0,5,02,D,300,D,1,D,0.0625,D,1922,D,2496,T,01,D,123000,D
20182,03781473,16,0,5,01,D,100,D,1,D,0.0625,D,469,F,731,F,01,D,30000,F
20182,03781493,13,0,5,01,D,100,D,1,D,0.0625,D,156,D,-48,D,01,D,10000,D
20182,03781673,23,0,5,01,D,100,D,1,D,0.0625,D,1063,F,587,F,01,D,68000,F
20182,03782393,29,0,5,01,D,100,D,2,D,0.0625,D,,A,,A,01,D,0,D
20182,03783023,16,0,5,01,D,100,D,2,D,0.0625,D,16,F,74,F,01,D,1000,F
20182,03784093,27,0,5,01,D,100,D,1,D,0.0625,D,3234,D,66,D,01,D,207000,D
20182,03784473,24,0,5,01,D,100,D,2,D,0.0625,D,,A,,A,01,D,7000,D
20182,03784673,20,0,5,01,D,100,D,2,D,0.0625,D,,A,,A,01,D,23000,D
20182,03784833,41,0,5,01,D,100,D,1,D,0.0625,D,1344,D,156,D,01,D,86000,D
20182,03786223,16,0,5,01,D,100,D,1,D,0.0625,D,594,D,6,D,01,D,38000,D
20182,03798253,20,0,5,01,D,100,D,1,D,0.0625,D,100,D,6300,D,01,D,6400,D
20182,03798684,19,0,5,01,D,100,D,1,D,0.0625,D,47,D,1453,D,01,D,3000,D
20182,03798953,20,0,5,01,D,100,D,1,D,0.0625,D,344,D,-164,D,01,D,22000,D
20182,03801073,7,0,1,01,D,100,D,1,D,0.0625,D,469,D,731,D,01,D,30000,D
20182,03801283,33,0,5,01,D,100,D,2,D,0.0625,D,,A,,A,01,D,0,D
20182,03801523,31,0,5,01,D,100,D,1,D,0.0625,D,309,D,-89,D,01,D,19780,D
20182,03801723,20,0,5,01,D,100,D,1,D,0.0625,D,1313,D,1387,D,01,D,84000,D
20182,03802033,29,0,5,01,D,100,D,2,D,0.0625,D,,A,,A,01,D,20000,D
20182,03803193,30,0,5,01,D,100,D,2,D,0.0625,D,,A,,A,01,D,0,D
20182,03803233,28,0,5,01,D,100,D,1,D,0.0625,D,156,D,744,D,01,D,10000,D
20182,03803523,22,0,5,01,D,100,D,2,D,0.0625,D,,A,,A,01,D,0,D
20182,03804283,48,0,5,01,D,100,D,1,D,0.0625,D,406,D,832,D,01,D,26000,D
20182,03804823,30,0,5,01,D,100,D,1,D,0.0625,D,203,D,27012,T,01,D,13000,D
20182,03805133,38,0,5,01,D,100,D,1,D,0.0625,D,1438,D,1562,D,01,D,92000,D
20182,03805403,32,0,5,01,D,100,D,1,D,0.0625,D,469,D,1031,D,01,D,30000,D
20182,03805843,29,0,5,01,D,100,D,1,D,0.0625,D,469,D,1031,D,01,D,30000,D
20182,03806253,32,0,5,01,D,100,D,1,D,0.0625,D,547,D,-217,D,01,D,35000,D
20182,03807373,28,0,5,01,D,100,D,1,D,0.0625,D,469,D,431,D,01,D,30000,D
20182,03807633,17,0,5,01,D,100,D,1,D,0.0625,D,31,D,269,D,01,D,2000,D
20182,03819502,30,0,1,01,D,100,D,1,D,0.0625,D,836,D,-161,D,01,D,53500,D
20182,03820042,38,0,1,01,D,100,D,1,D,0.0625,D,625,D,155,D,01,D,40000,D
20182,03820742,21,0,5,01,D,100,D,1,D,0.0625,D,375,D,330,D,01,D,24000,D
20182,03821082,22,0,5,01,D,100,D,2,D,0.0625,D,,A,,A,01,D,32000,D
20182,03821662,8,0,5,01,D,100,D,1,D,0.0625,D,344,D,256,D,01,D,22000,D
20182,03821982,15,0,5,01,D,100,D,2,D,0.0625,D,,A,,A,01,D,40000,D
20182,03822192,20,0,5,01,D,100,D,1,D,0.0625,D,156,D,444,D,01,D,10000,D
20182,03822992,27,0,5,01,D,100,D,1,D,0.0625,D,1016,D,-101,D,01,D,65000,D
20182,03823732,9,0,1,01,D,100,D,1,D,0.0625,D,1313,D,187,D,01,D,84000,D
20182,03824542,23,0,5,01,D,100,D,2,D,0.0625,D,,A,,A,01,D,0,D
20182,03825342,32,0,5,01,D,100,D,1,D,0.0625,D,136,D,254,D,01,D,8700,D
20182,03825902,47,0,5,01,D,100,D,2,D,0.0625,D,,A,,A,02,D,88000,D
20182,03825902,48,0,5,01,D,100,D,1,D,0.0625,D,656,D,27012,T,01,D,42000,D
20182,03827092,14,0,1,01,D,100,D,2,D,0.0625,D,345,F,-95,F,01,D,22100,F
20182,03827272,34,0,5,01,D,100,D,1,D,0.0625,D,566,D,-266,D,01,D,36200,D
20182,03827292,24,0,5,01,D,100,D,1,D,0.0625,D,1172,D,-572,D,01,D,75000,D
20182,03828342,10,0,5,01,D,100,D,1,D,0.0625,D,141,D,1359,D,01,D,9000,D
20182,03828922,33,0,5,01,D,100,D,1,D,0.0625,D,313,D,527,D,01,D,20000,D
20182,03840092,41,0,5,01,D,100,D,2,D,0.0625,D,,A,,A,01,D,0,D
20182,03840452,20,0,5,01,D,100,D,1,D,0.0625,D,1250,D,250,D,01,D,80000,D
20182,03840772,42,0,5,01,D,100,D,1,D,0.0625,D,703,D,-124,D,01,D,45000,D
20182,03841022,18,0,5,01,D,100,D,1,D,0.0625,D,1333,D,560,D,01,D,85291,D
20182,03841062,34,0,5,01,D,100,D,1,D,0.0625,D,531,D,11469,D,01,D,34000,D
20182,03841952,53,0,1,01,D,100,D,1,D,0.0625,D,229,D,5975,D,01,D,14680,D
20182,03842382,54,0,5,01,D,100,D,1,D,0.0625,D,125,D,2875,D,01,D,8000,D
20182,03843292,18,0,5,02,D,200,D,2,D,0.0625,D,609,F,1941,F,01,D,39000,F
20182,03843392,28,0,5,01,D,100,D,2,D,0.0625,D,156,F,2244,F,01,D,10000,F
20182,03843662,21,0,1,01,D,100,D,1,D,0.0625,D,516,F,534,F,01,D,33000,F
20182,03845342,25,0,5,01,D,100,D,2,D,0.0625,D,1922,F,2578,F,01,D,123000,F
20182,03845942,28,0,5,01,D,100,D,1,D,0.0625,D,391,D,1359,D,01,D,25000,D
20182,03846442,22,0,5,01,D,100,D,1,D,0.0625,D,563,D,-413,D,01,D,36000,D
20182,03846522,27,0,5,01,D,100,D,1,D,0.0625,D,1125,D,150,D,01,D,72000,D
20182,03846932,31,0,5,01,D,100,D,1,D,0.0625,D,453,D,87,D,01,D,29000,D
20182,03847002,27,0,5,01,D,100,D,1,D,0.0625,D,61,D,539,D,01,D,3900,D
20182,03847142,29,0,1,01,D,100,D,1,D,0.0625,D,625,D,2875,D,01,D,40000,D
20182,03847182,32,0,5,01,D,100,D,1,D,0.0625,D,828,F,222,F,01,D,53000,F
20182,03847502,22,0,5,01,D,100,D,2,D,0.0625,D,,A,,A,01,D,150,D
20182,03847772,26,0,5,01,D,100,D,1,D,0.0625,D,1164,D,-435,D,01,D,74500,D
20182,03848052,24,0,5,01,D,100,D,1,D,0.0625,D,109,F,1058,F,01,D,7000,F
20182,03848362,38,0,5,01,D,100,D,1,D,0.0625,D,1531,D,1469,D,01,D,98000,D
20182,03848442,12,0,5,01,D,100,D,1,D,0.0625,D,359,F,-259,F,01,D,23000,F
20182,03848522,41,0,5,01,D,100,D,1,D,0.0625,D,750,D,-150,D,01,D,48000,D
20182,03848612,28,0,1,01,D,100,D,1,D,0.0625,D,234,D,1416,D,01,D,15000,D
20182,03849122,31,0,1,01,D,100,D,1,D,0.0625,D,625,D,-115,D,01,D,40000,D
20182,03849162,21,0,1,01,D,100,D,1,D,0.0625,D,2109,D,-609,D,01,D,135000,D
20182,03849162,22,0,1,02,D,200,D,1,D,0.0625,D,2031,D,2469,D,01,D,130000,D
20182,03849372,17,0,5,01,D,100,D,1,D,0.0625,D,47,D,1453,D,01,D,3000,D
20182,03850552,20,0,5,01,D,100,D,1,D,0.0625,D,219,D,900,D,01,D,14000,D
20182,03850782,23,0,5,01,D,100,D,1,D,0.0625,D,391,D,1409,D,01,D,25000,D
20182,03851052,52,0,5,01,D,100,D,1,D,0.0625,D,836,F,-161,F,01,D,53500,F
20182,03851052,53,0,5,01,D,100,D,1,D,0.0625,D,309,F,-89,F,02,D,19780,F
20182,03851172,19,0,5,01,D,100,D,2,D,0.0625,D,,A,,A,01,D,112000,D
20182,03852232,21,0,5,01,D,100,D,1,D,0.0625,D,1484,D,16,D,01,D,95000,D
20182,03852802,25,0,1,01,D,100,D,,C,0.0625,D,401,F,-86,F,01,D,25658,F
20182,03853052,23,0,5,01,D,100,D,2,D,0.0625,D,,A,,A,01,D,4550,D
20182,03853802,8,0,1,01,D,100,D,2,D,0.0625,D,656,F,-56,F,01,D,42000,F
20182,03854232,33,0,5,01,D,300,D,2,D,0.0625,D,,A,,A,01,D,1000,D
20182,03854342,40,0,5,01,D,100,D,1,D,0.0625,D,1188,F,732,F,01,D,76000,F
20182,03854412,21,0,5,01,D,100,D,1,D,0.0625,D,1078,D,-478,D,01,D,69000,D
20182,03854992,17,0,5,01,D,100,D,2,D,0.0625,D,547,F,1853,F,01,D,35000,F
20182,03855302,59,0,5,01,D,100,D,2,D,0.0625,D,,A,,A,01,D,6471,D
20182,03855442,24,0,5,01,D,100,D,1,D,0.0625,D,500,D,400,D,01,D,32000,D
20182,03857152,20,0,5,01,D,100,D,2,D,0.0625,D,,A,,A,01,D,130000,D
20182,03857482,18,0,1,01,D,100,D,1,D,0.0625,D,31,D,1969,D,01,D,2000,D
20182,03857652,25,0,5,01,D,100,D,1,D,0.0625,D,1808,D,-358,D,01,D,115700,D
20182,03859662,20,0,5,01,D,100,D,1,D,0.0625,D,344,D,556,D,01,D,22000,D
20182,03860022,30,0,5,01,D,100,D,1,D,0.0625,D,1891,D,1109,D,01,D,121000,D
20182,03860172,9,0,1,01,D,100,D,1,D,0.0625,D,656,D,-56,D,01,D,42000,D
20182,03891701,36,0,1,01,D,100,D,1,D,0.0625,D,172,D,102,D,01,D,11000,D
20182,03891931,10,0,1,01,D,100,D,1,D,0.0625,D,453,F,87,F,01,D,29000,F
20182,03892341,29,0,1,01,D,100,D,1,D,0.0625,D,532,D,27012,T,01,D,34040,D
20182,03892831,31,0,1,01,D,100,D,1,D,0.0625,D,219,D,1131,D,01,D,14000,D
20182,03893281,32,0,1,01,D,100,D,2,D,0.0625,D,,A,,A,01,D,0,D
20182,03893361,13,0,1,01,D,100,D,1,D,0.0625,D,469,D,4031,D,01,D,30000,D
20182,03894451,19,0,1,01,D,100,D,2,D,0.0625,D,,A,,A,01,D,57000,D
20182,03894461,17,0,1,01,D,100,D,2,D,0.0625,D,,A,,A,01,D,66000,D
20182,03894621,28,0,1,01,D,100,D,1,D,0.0625,D,94,D,506,D,01,D,6000,D
20182,03894661,11,0,1,01,D,100,D,1,D,0.0625,D,250,D,590,D,01,D,16000,D
20182,03894911,29,0,1,01,D,100,D,1,D,0.0625,D,266,D,1234,D,01,D,17000,D
20182,03895111,15,0,1,01,D,100,D,1,D,0.0625,D,344,F,256,F,01,D,22000,F
20182,03895511,44,0,1,01,D,100,D,1,D,0.0625,D,1563,D,-363,D,01,D,100000,D
20182,03895801,16,0,1,01,D,100,D,1,D,0.0625,D,344,D,256,D,01,D,22000,D
20182,03896191,14,0,1,01,D,100,D,1,D,0.0625,D,281,D,3319,D,01,D,18000,D
20182,03896231,13,0,1,01,D,100,D,1,D,0.0625,D,345,D,-95,D,01,D,22100,D
20182,03897311,23,0,1,01,D,100,D,1,D,0.0625,D,94,D,2906,D,01,D,6000,D
20182,03897581,9,0,1,01,D,100,D,1,D,0.0625,D,401,D,-86,D,01,D,25658,D
20182,03898241,30,0,1,01,D,100,D,2,D,0.0625,D,,A,,A,01,D,0,D
20182,03898651,13,0,1,01,D,100,D,1,D,0.0625,D,359,D,511,D,01,D,23000,D
20182,03898981,18,0,1,01,D,100,D,1,D,0.0625,D,298,D,1202,D,01,D,19100,D
20182,03899321,19,0,1,01,D,100,D,1,D,0.0625,D,3125,D,475,D,01,D,200000,D
20182,03899481,18,0,1,01,D,100,D,1,D,0.0625,D,328,D,317,D,01,D,21000,D
20182,03900881,54,0,1,02,D,300,D,1,D,0.0625,D,66,D,438,D,01,D,4200,D
20182,03901891,10,0,1,01,D,100,D,1,D,0.0625,D,1375,D,725,D,01,D,88000,D
20182,03903391,19,0,1,01,D,100,D,1,D,0.0625,D,313,D,658,D,01,D,20000,D
20182,03903561,23,0,1,01,D,100,D,1,D,0.0625,D,1313,F,187,F,01,D,84000,F
20182,03903631,31,0,1,01,D,100,D,1,D,0.0625,D,184,D,416,D,01,D,11771,D
20182,03903791,9,0,1,01,D,100,D,2,D,0.0625,D,94,F,1706,F,01,D,6000,F
20182,03904771,20,0,1,01,D,100,D,1,D,0.0625,D,1234,D,-184,D,01,D,79000,D
20182,03906001,16,0,1,01,D,100,D,1,D,0.0625,D,750,D,-150,D,01,D,48000,D
20182,03906091,20,0,1,01,D,100,D,1,D,0.0625,D,500,D,100,D,01,D,32000,D
20182,03906631,15,0,1,01,D,100,D,1,D,0.0625,D,0,D,0,D,01,D,0,D
20182,03907091,16,0,1,01,D,100,D,1,D,0.0625,D,781,D,-346,D,01,D,50000,D
20182,03907161,32,0,1,01,D,100,D,1,D,0.0625,D,641,D,6359,D,01,D,41000,D
20182,03907671,13,0,1,01,D,100,D,1,D,0.0625,D,516,D,534,D,01,D,33000,D
20182,03907691,19,0,1,01,D,100,D,1,D,0.0625,D,1328,D,446,D,01,D,85000,D
20182,03907981,17,0,1,01,D,100,D,1,D,0.0625,D,147,D,-57,D,01,D,9400,D
20182,03908601,22,0,1,01,D,100,D,1,D,0.0625,D,984,D,10757,D,01,D,63000,D
20182,03908671,11,0,1,01,D,100,D,2,D,0.0625,D,,A,,A,01,D,60000,D
20182,03909101,25,0,1,01,D,100,D,1,D,0.0625,D,12,D,738,D,01,D,750,D
20182,03910661,28,0,1,01,D,100,D,1,D,0.0625,D,547,D,-397,D,01,D,35000,D
20182,03912161,9,0,1,01,D,100,D,1,D,0.0625,D,222,D,198,D,01,D,14234,D
20182,03912281,15,0,1,01,D,100,D,1,D,0.0625,D,469,D,-172,D,01,D,29999,D
20182,03923151,18,0,1,01,D,100,D,1,D,0.0625,D,117,D,783,D,01,D,7500,D
20182,03924711,13,0,1,01,D,100,D,1,D,0.0625,D,391,D,1109,D,01,D,25000,D
20182,03924731,28,0,1,01,D,100,D,1,D,0.0625,D,656,D,184,D,01,D,42000,D
20182,03925214,19,0,1,01,D,100,D,1,D,0.0625,D,625,D,3875,D,01,D,40000,D
20182,03925601,10,0,1,01,D,100,D,2,D,0.0625,D,,A,,A,01,D,105000,D
20182,03926451,33,0,1,01,D,100,D,1,D,0.0625,D,1125,D,7875,D,01,D,72000,D
20182,03927891,39,0,1,01,D,100,D,1,D,0.0625,D,3672,F,-222,F,01,D,295655,V
20182,03927921,24,0,1,01,D,100,D,2,D,0.0625,D,,A,,A,01,D,295655,T
20182,03928201,23,0,1,01,D,100,D,2,D,0.0625,D,,A,,A,01,D,0,D
20182,03929371,20,0,1,01,D,100,D,1,D,0.0625,D,156,F,-48,F,01,D,10000,F
20182,03929721,18,0,1,01,D,100,D,1,D,0.0625,D,547,D,1253,D,01,D,35000,D
20182,03929951,17,0,1,01,D,100,D,1,D,0.0625,D,703,D,197,D,01,D,45000,D
20182,03930202,31,0,1,02,D,200,D,1,D,0.0625,D,672,D,-72,D,01,D,43000,D
20182,03930561,16,0,1,01,D,100,D,1,D,0.0625,D,281,D,1219,D,01,D,18000,D
20182,03930591,16,0,1,01,D,100,D,1,D,0.0625,D,156,D,5844,D,01,D,10000,D
20182,03930831,17,0,1,01,D,100,D,1,D,0.0625,D,3438,D,6462,D,01,D,295655,T
20182,03931441,17,0,1,01,D,100,D,1,D,0.0625,D,1234,D,-334,D,01,D,79000,D
20182,03931661,13,0,1,01,D,100,D,2,D,0.0625,D,,A,,A,01,D,29000,D
20182,03933521,25,0,1,01,D,100,D,1,D,0.0625,D,1234,F,-334,F,01,D,79000,F
20183,03755804,31,0,5,01,D,100,D,2,D,0.0650,D,236,F,364,F,01,D,14500,F
20183,03756154,7,0,1,01,D,100,D,1,D,0.0650,D,98,D,3902,D,01,D,6000,D
20183,03756504,18,0,5,01,D,100,D,2,D,0.0650,D,98,F,3902,F,01,D,6000,F
20183,03756544,15,0,1,01,D,100,D,1,D,0.0650,D,1853,D,187,D,01,D,114000,D
20183,03757464,26,0,5,01,D,100,D,1,D,0.0650,D,325,D,2075,D,01,D,20000,D
20183,03758544,30,0,5,01,D,100,D,1,D,0.0650,D,488,D,-86,D,01,D,30000,D
20183,03758584,24,0,5,01,D,100,D,1,D,0.0650,D,130,D,770,D,01,D,8000,D
20183,03759574,29,0,5,01,D,100,D,1,D,0.0650,D,1056,D,-366,D,01,D,65000,D
20183,03761314,20,0,5,01,D,100,D,1,D,0.0650,D,62,F,-14,F,01,D,3800,F
20183,03761824,60,0,5,02,D,200,D,2,D,0.0650,D,,A,,A,01,D,92000,D
20183,03762044,29,0,5,01,D,100,D,1,D,0.0650,D,1235,D,31,D,01,D,76000,D
20183,03763124,20,0,5,01,D,100,D,2,D,0.0650,D,,A,,A,01,D,13000,D
20183,03763224,20,0,5,01,D,100,D,1,D,0.0650,D,1381,F,1619,F,01,D,85000,F
20183,03764954,17,0,5,01,D,100,D,1,D,0.0650,D,1300,D,1640,D,01,D,80000,D
20183,03765254,43,0,5,01,D,100,D,1,D,0.0650,D,1089,D,561,D,01,D,67000,D
20183,03765624,20,0,5,01,D,100,D,2,D,0.0650,D,227,F,544,F,01,D,13949,F
20183,03765634,22,0,5,01,D,100,D,1,D,0.0650,D,650,D,100,D,01,D,40000,D
20183,03766034,32,0,5,01,D,100,D,1,D,0.0650,D,488,D,262,D,01,D,30000,D
20183,03777484,41,0,5,01,D,100,D,1,D,0.0650,D,149,D,1384,D,01,D,9170,D
20183,03777964,18,0,5,01,D,100,D,1,D,0.0650,D,11,D,109,D,01,D,700,D
20183,03778334,26,0,5,01,D,100,D,2,D,0.0650,D,,A,,A,01,D,18000,D
20183,03778384,25,0,5,01,D,100,D,1,D,0.0650,D,309,D,441,D,01,D,19000,D
20183,03778654,32,0,5,01,D,100,D,1,D,0.0650,D,1906,D,-477,D,01,D,117313,D
20183,03778784,15,0,5,01,D,100,D,1,D,0.0650,D,520,F,-412,F,01,D,32000,F
20183,03778994,32,0,5,01,D,100,D,1,D,0.0650,D,723,D,510,D,01,D,44500,D
20183,03779084,13,0,5,01,D,100,D,1,D,0.0650,D,650,D,400,D,01,D,40000,D
20183,03779434,15,0,5,01,D,100,D,1,D,0.0650,D,5,D,295,D,01,D,300,D
20183,03779514,25,0,5,01,D,100,D,1,D,0.0650,D,1251,D,570,D,01,D,77000,D
20183,03780934,61,0,5,02,D,300,D,1,D,0.0650,D,2080,D,2496,T,01,D,128000,D
20183,03781474,18,0,5,01,D,100,D,1,D,0.0650,D,260,D,1240,D,01,D,16000,D
20183,03781494,13,0,5,01,D,100,D,1,D,0.0650,D,163,D,-46,D,01,D,10000,D
20183,03781674,27,0,5,01,D,100,D,1,D,0.0650,D,349,F,1251,F,01,D,21500,F
20183,03782394,32,0,5,01,D,100,D,2,D,0.0650,D,,A,,A,01,D,0,D
20183,03783024,18,0,5,01,D,100,D,2,D,0.0650,D,471,F,1029,F,01,D,29000,F
20183,03784234,22,0,5,01,D,100,D,1,D,0.0650,D,349,D,1251,D,01,D,21500,D
20183,03784474,23,0,5,01,D,100,D,1,D,0.0650,D,132,D,618,D,01,D,8095,D
20183,03784674,27,0,5,01,D,100,D,1,D,0.0650,D,325,D,2675,D,01,D,20000,D
20183,03784834,39,0,5,01,D,100,D,1,D,0.0650,D,1381,D,119,D,01,D,85000,D
20183,03786224,20,0,5,01,D,100,D,1,D,0.0650,D,618,D,-18,D,01,D,38000,D
20183,03798254,30,0,5,01,D,100,D,2,D,0.0650,D,,A,,A,01,D,0,D
20183,03798714,22,0,5,02,D,300,D,2,D,0.0650,D,,A,,A,01,D,0,D
20183,03798954,25,0,5,01,D,100,D,1,D,0.0650,D,341,D,49,D,01,D,21000,D
20183,03801074,13,0,5,01,D,100,D,1,D,0.0650,D,813,D,87,D,01,D,50000,D
20183,03801284,32,0,5,01,D,100,D,2,D,0.0650,D,,A,,A,01,D,0,D
20183,03801524,26,0,5,01,D,100,D,1,D,0.0650,D,406,D,944,D,01,D,25000,D
20183,03801724,21,0,5,01,D,100,D,1,D,0.0650,D,1357,D,1643,D,01,D,83500,D
20183,03802034,28,0,5,01,D,100,D,1,D,0.0650,D,2503,F,2897,F,01,D,154000,F
20183,03803194,32,0,5,01,D,100,D,2,D,0.0650,D,,A,,A,01,D,0,D
20183,03803234,32,0,5,01,D,100,D,1,D,0.0650,D,141,D,759,D,01,D,8700,D
20183,03803524,24,0,5,01,D,100,D,1,D,0.0650,D,2503,D,2897,D,01,D,154000,D
20183,03804284,55,0,5,01,D,100,D,1,D,0.0650,D,423,D,825,D,01,D,26000,D
20183,03804824,30,0,5,01,D,100,D,2,D,0.0650,D,,A,,A,01,D,0,D
20183,03805134,29,0,5,01,D,100,D,1,D,0.0650,D,1381,D,1619,D,01,D,85000,D
20183,03805404,27,0,5,01,D,100,D,1,D,0.0650,D,471,D,1029,D,01,D,29000,D
20183,03805844,34,0,5,01,D,100,D,1,D,0.0650,D,683,D,817,D,01,D,42000,D
20183,03806254,17,0,5,01,D,100,D,1,D,0.0650,D,634,D,-238,D,01,D,39000,D
20183,03807374,26,0,5,01,D,100,D,1,D,0.0650,D,471,D,279,D,01,D,29000,D
20183,03819303,30,0,5,01,D,100,D,1,D,0.0650,D,1300,D,-610,D,01,D,80000,D
20183,03819503,46,0,5,01,D,100,D,1,D,0.0650,D,0,D,0,D,01,D,0,D
20183,03820743,19,0,5,01,D,100,D,1,D,0.0650,D,374,D,331,D,01,D,23000,D
20183,03821083,21,0,5,01,D,100,D,2,D,0.0650,D,,A,,A,01,D,32000,D
20183,03821983,14,0,5,01,D,100,D,1,D,0.0650,D,650,D,50,D,01,D,40000,D
20183,03822183,31,0,5,01,D,100,D,1,D,0.0650,D,2438,D,-488,D,01,D,150000,D
20183,03822193,21,0,5,01,D,100,D,1,D,0.0650,D,146,D,604,D,01,D,9000,D
20183,03822503,27,0,5,01,D,100,D,1,D,0.0650,D,3088,D,512,D,01,D,190000,D
20183,03822993,29,0,5,01,D,100,D,1,D,0.0650,D,1300,D,-1255,D,01,D,80000,D
20183,03823233,24,0,5,01,D,100,D,1,D,0.0650,D,3250,F,800,F,01,D,200000,F
20183,03823733,15,0,5,01,D,100,D,1,D,0.0650,D,1333,D,467,D,01,D,82000,D
20183,03824543,23,0,5,01,D,100,D,1,D,0.0650,D,260,F,11740,F,01,D,16000,F
20183,03825313,15,0,5,01,D,100,D,2,D,0.0650,D,,A,,A,01,D,0,D
20183,03825343,29,0,5,01,D,100,D,1,D,0.0650,D,130,D,260,D,01,D,8000,D
20183,03825903,60,0,5,01,D,100,D,1,D,0.0650,D,1430,D,1570,D,03,D,88000,D
20183,03825903,61,0,5,01,D,100,D,1,D,0.0650,D,0,D,0,D,01,D,0,D
20183,03825903,62,0,5,01,D,100,D,1,D,0.0650,D,3088,D,2861,D,02,D,190000,D
20183,03827093,14,0,5,01,D,100,D,1,D,0.0650,D,894,F,606,F,01,D,55000,F
20183,03827273,54,0,5,01,D,100,D,1,D,0.0650,D,5466,D,-3715,T,01,D,295655,T
20183,03827293,24,0,5,01,D,100,D,1,D,0.0650,D,634,F,-238,F,01,D,39000,F
20183,03828343,12,0,5,01,D,100,D,1,D,0.0650,D,130,D,1620,D,01,D,8000,D
20183,03828923,27,0,5,01,D,100,D,1,D,0.0650,D,293,D,757,D,01,D,18000,D
20183,03840093,37,0,5,01,D,100,D,2,D,0.0650,D,,A,,A,01,D,94000,D
20183,03840453,22,0,5,01,D,100,D,1,D,0.0650,D,1292,D,158,D,01,D,79500,D
20183,03840653,16,0,1,01,D,100,D,1,D,0.0650,D,114,D,636,D,01,D,7000,D
20183,03840773,54,0,5,01,D,100,D,1,D,0.0650,D,731,D,-130,D,01,D,45000,D
20183,03841023,19,0,5,01,D,100,D,1,D,0.0650,D,1349,D,679,D,01,D,83000,D
20183,03841063,38,0,5,01,D,100,D,1,D,0.0650,D,260,D,11740,D,01,D,16000,D
20183,03841953,40,0,5,01,D,100,D,1,D,0.0650,D,98,D,5902,D,01,D,6000,D
20183,03842383,62,0,5,01,D,100,D,1,D,0.0650,D,81,D,2919,D,01,D,5000,D
20183,03843393,24,0,5,01,D,100,D,1,D,0.0650,D,975,F,1335,F,01,D,60000,F
20183,03843663,17,0,5,01,D,100,D,1,D,0.0650,D,1,F,109,F,01,D,85,F
20183,03845343,28,0,5,01,D,100,D,2,D,0.0650,D,1251,F,570,F,01,D,77000,F
20183,03845943,34,0,5,01,D,100,D,1,D,0.0650,D,211,D,1739,D,01,D,13000,D
20183,03846443,22,0,5,01,D,100,D,1,D,0.0650,D,520,D,-412,D,01,D,32000,D
20183,03846523,39,0,5,01,D,100,D,1,D,0.0650,D,1170,D,105,D,01,D,72000,D
20183,03846933,35,0,5,01,D,100,D,1,D,0.0650,D,471,D,-21,D,01,D,29000,D
20183,03847003,21,0,5,01,D,100,D,2,D,0.0650,D,,A,,A,01,D,2660,D
20183,03847183,58,0,5,01,D,100,D,1,D,0.0650,D,211,F,539,F,01,D,13000,F
20183,03847503,22,0,5,01,D,100,D,2,D,0.0650,D,,A,,A,01,D,0,D
20183,03847773,26,0,5,01,D,100,D,1,D,0.0650,D,14,D,836,D,01,D,850,D
20183,03848053,21,0,5,01,D,100,D,1,D,0.0650,D,975,D,1335,D,01,D,60000,D
20183,03848363,45,0,5,01,D,100,D,1,D,0.0650,D,1593,D,1407,D,01,D,98000,D
20183,03848443,9,0,5,01,D,100,D,2,D,0.0650,D,,A,,A,01,D,27000,D
20183,03848523,24,0,5,01,D,100,D,1,D,0.0650,D,650,D,-50,D,01,D,40000,D
20183,03848613,40,0,5,01,D,100,D,1,D,0.0650,D,813,D,537,D,01,D,50000,D
20183,03849123,31,0,5,01,D,100,D,1,D,0.0650,D,780,D,-252,D,01,D,48000,D
20183,03849373,14,0,5,01,D,100,D,1,D,0.0650,D,49,D,1451,D,01,D,3000,D
20183,03850553,18,0,5,01,D,100,D,1,D,0.0650,D,213,D,906,D,01,D,13100,D
20183,03850783,20,0,5,01,D,100,D,1,D,0.0650,D,150,F,750,F,01,D,9200,F
20183,03851053,69,0,5,01,D,100,D,1,D,0.0650,D,5466,F,-3715,V,01,D,295655,V
20183,03851053,70,0,5,01,D,100,D,1,D,0.0650,D,325,F,2075,F,02,D,20000,F
20183,03851113,13,0,5,01,D,100,D,2,D,0.0650,D,,A,,A,01,D,0,D
20183,03851173,22,0,5,01,D,100,D,2,D,0.0650,D,,A,,A,01,D,0,D
20183,03852233,17,0,5,01,D,100,D,1,D,0.0650,D,179,F,121,F,01,D,11000,F
20183,03852803,24,0,5,01,D,100,D,2,D,0.0650,D,1268,F,-128,F,01,D,78000,F
20183,03853053,18,0,5,01,D,100,D,2,D,0.0650,D,,A,,A,01,D,43000,D
20183,03854233,43,0,5,01,D,300,D,2,D,0.0650,D,,A,,A,01,D,0,D
20183,03854343,32,0,5,01,D,100,D,1,D,0.0650,D,163,D,437,D,01,D,10000,D
20183,03854413,33,0,5,01,D,100,D,1,D,0.0650,D,1113,D,-265,D,01,D,68500,D
20183,03854533,14,0,5,01,D,100,D,1,D,0.0650,D,244,D,386,D,01,D,15000,D
20183,03854993,18,0,5,01,D,100,D,2,D,0.0650,D,601,F,8399,F,01,D,37000,F
20183,03855303,56,0,5,01,D,100,D,1,D,0.0650,D,1300,F,1640,F,01,D,80000,F
20183,03855443,28,0,5,01,D,100,D,1,D,0.0650,D,520,D,380,D,01,D,32000,D
20183,03857153,23,0,5,01,D,100,D,2,D,0.0650,D,,A,,A,01,D,35000,D
20183,03857653,24,0,5,01,D,100,D,1,D,0.0650,D,1869,D,-369,D,01,D,115000,D
20183,03858503,14,0,1,01,D,100,D,1,D,0.0650,D,1625,D,2275,D,01,D,100000,D
20183,03859663,28,0,5,01,D,100,D,1,D,0.0650,D,2438,F,-548,F,01,D,150000,F
20183,03860023,26,0,5,01,D,100,D,1,D,0.0650,D,406,D,196,D,01,D,24975,D
20183,03892342,24,0,5,01,D,100,D,2,D,0.0650,D,,A,,A,01,D,0,D
20183,03892832,38,0,5,01,D,100,D,1,D,0.0650,D,211,D,1139,D,01,D,13000,D
20183,03893282,41,0,5,01,D,100,D,1,D,0.0650,D,7,D,3793,D,01,D,400,D
20183,03893362,23,0,5,01,D,100,D,1,D,0.0650,D,1292,F,158,F,01,D,79500,F
20183,03894452,19,0,5,01,D,100,D,2,D,0.0650,D,,A,,A,01,D,57000,D
20183,03894462,22,0,5,01,D,100,D,2,D,0.0650,D,,A,,A,01,D,70000,D
20183,03894622,31,0,5,01,D,100,D,1,D,0.0650,D,293,F,757,F,01,D,18000,F
20183,03894662,21,0,5,01,D,100,D,1,D,0.0650,D,293,D,567,D,01,D,18000,D
20183,03894912,26,0,5,01,D,100,D,1,D,0.0650,D,234,D,4058,D,01,D,14400,D
20183,03895112,19,0,5,01,D,100,D,1,D,0.0650,D,455,D,-155,D,01,D,28000,D
20183,03895512,31,0,5,01,D,100,D,2,D,0.0650,D,,A,,A,01,D,100000,D
20183,03895802,19,0,5,01,D,100,D,2,D,0.0650,D,,A,,A,01,D,23000,D
20183,03896192,27,0,5,01,D,100,D,1,D,0.0650,D,195,D,3405,D,01,D,12000,D
20183,03896232,20,0,5,01,D,100,D,1,D,0.0650,D,404,D,526,D,01,D,24840,D
20183,03897312,32,0,5,01,D,100,D,1,D,0.0650,D,98,D,852,D,01,D,6000,D
20183,03897582,15,0,5,01,D,100,D,1,D,0.0650,D,390,D,-75,D,01,D,24000,D
20183,03898242,39,0,5,01,D,100,D,2,D,0.0650,D,,A,,A,01,D,0,D
20183,03898982,26,0,5,01,D,100,D,1,D,0.0650,D,284,D,1216,D,01,D,17500,D
20183,03899322,26,0,5,01,D,100,D,1,D,0.0650,D,3738,D,-138,D,01,D,295655,T
20183,03899482,22,0,5,01,D,100,D,1,D,0.0650,D,333,D,312,D,01,D,20476,D
20183,03900912,9,0,1,01,D,100,D,1,D,0.0650,D,650,D,760,D,01,D,40000,D
20183,03901892,16,0,5,01,D,100,D,1,D,0.0650,D,1446,D,654,D,01,D,89000,D
20183,03902363,41,0,5,01,D,200,D,1,D,0.0650,D,244,D,113,D,01,D,15000,D
20183,03903562,24,0,5,01,D,100,D,1,D,0.0650,D,894,D,606,D,01,D,55000,D
20183,03903632,39,0,5,01,D,100,D,1,D,0.0650,D,184,D,1716,D,01,D,11300,D
20183,03903792,13,0,5,01,D,100,D,1,D,0.0650,D,179,D,121,D,01,D,11000,D
20183,03904772,25,0,5,01,D,100,D,1,D,0.0650,D,1268,D,-128,D,01,D,78000,D
20183,03905372,15,0,1,01,D,100,D,1,D,0.0650,D,163,D,137,D,01,D,10000,D
20183,03906002,30,0,5,01,D,100,D,1,D,0.0650,D,786,D,-156,D,01,D,48350,D
20183,03906632,25,0,5,01,D,100,D,2,D,0.0650,D,,A,,A,01,D,0,D
20183,03907162,43,0,5,01,D,100,D,1,D,0.0650,D,601,D,8399,D,01,D,37000,D
20183,03907672,24,0,5,01,D,100,D,1,D,0.0650,D,504,D,399,D,01,D,31000,D
20183,03907692,39,0,5,01,D,100,D,1,D,0.0650,D,1381,D,719,D,01,D,85000,D
20183,03908602,23,0,5,01,D,100,D,1,D,0.0650,D,780,D,27012,T,01,D,48000,D
20183,03908672,14,0,5,01,D,100,D,2,D,0.0650,D,,A,,A,01,D,62000,D
20183,03909092,21,0,5,01,D,100,D,1,D,0.0650,D,2275,D,-1575,D,01,D,140000,D
20183,03909102,27,0,5,01,D,100,D,2,D,0.0650,D,,A,,A,01,D,0,D
20183,03912172,20,0,5,01,D,100,D,2,D,0.0650,D,,A,,A,01,D,0,D
20183,03912282,19,0,5,01,D,100,D,1,D,0.0650,D,439,D,-142,D,01,D,27000,D
20183,03923152,44,0,5,01,D,100,D,1,D,0.0650,D,150,D,750,D,01,D,9200,D
20183,03924712,33,0,5,01,D,100,D,1,D,0.0650,D,423,D,1077,D,01,D,26000,D
20183,03924732,37,0,5,01,D,100,D,1,D,0.0650,D,683,D,157,D,01,D,42000,D
20183,03926452,33,0,5,01,D,100,D,1,D,0.0650,D,1008,D,1602,D,01,D,62000,D
20183,03927922,38,0,5,01,D,100,D,1,D,0.0650,D,3250,D,50,D,01,D,200000,D
20183,03928202,25,0,5,01,D,100,D,2,D,0.0650,D,,A,,A,01,D,0,D
20183,03929372,30,0,5,01,D,100,D,1,D,0.0650,D,146,F,604,F,01,D,9000,F
20183,03929722,19,0,5,01,D,100,D,1,D,0.0650,D,406,D,194,D,01,D,25000,D
20183,03929952,29,0,5,01,D,100,D,1,D,0.0650,D,926,D,124,D,01,D,57000,D
20183,03930562,21,0,5,01,D,100,D,1,D,0.0650,D,293,D,1207,D,01,D,18000,D
20183,03930592,29,0,5,01,D,100,D,1,D,0.0650,D,16,D,984,D,01,D,1000,D
20183,03931442,18,0,5,01,D,100,D,1,D,0.0650,D,1295,D,-309,D,01,D,79680,D
20183,03931662,18,0,5,01,D,100,D,2,D,0.0650,D,,A,,A,01,D,3000,D
20183,03932532,9,0,1,01,D,300,D,1,D,0.0650,D,1788,D,162,D,01,D,110000,D
20183,03933522,34,0,5,01,D,100,D,1,D,0.0650,D,3575,D,925,D,01,D,295655,T
20183,03946071,20,0,1,02,D,300,D,1,D,0.0650,D,211,D,729,D,01,D,13000,D
20183,03946101,16,0,1,01,D,100,D,1,D,0.0650,D,418,D,1232,D,01,D,25700,D
20183,03948511,27,0,1,01,D,100,D,1,D,0.0650,D,910,D,-160,D,01,D,56000,D
20183,03948651,13,0,1,01,D,100,D,1,D,0.0650,D,488,D,1312,D,01,D,30000,D
20183,03949071,30,0,1,01,D,100,D,1,D,0.0650,D,683,D,1117,D,01,D,42000,D
20183,03950201,29,0,1,01,D,100,D,1,D,0.0650,D,1138,D,4862,D,01,D,70000,D
20183,03950421,15,0,1,01,D,100,D,1,D,0.0650,D,1853,D,2647,D,01,D,114000,D
20183,03951501,25,0,1,01,D,100,D,2,D,0.0650,D,,A,,A,01,D,0,D
20183,03951511,30,0,1,01,D,100,D,1,D,0.0650,D,3250,D,-1150,D,01,D,200000,D
20183,03951691,11,0,1,01,D,100,D,1,D,0.0650,D,3250,D,800,D,01,D,200000,D
20183,03952321,22,0,1,01,D,100,D,1,D,0.0650,D,439,D,1265,D,01,D,27000,D
20183,03953081,13,0,1,01,D,100,D,1,D,0.0650,D,1381,D,755,D,01,D,85000,D
20183,03954541,20,0,1,01,D,100,D,1,D,0.0650,D,390,D,-280,D,01,D,24000,D
20183,03965101,14,0,1,01,D,100,D,1,D,0.0650,D,1138,D,3362,D,01,D,70000,D
20183,03965411,17,0,1,01,D,100,D,1,D,0.0650,D,943,D,2057,D,01,D,58000,D
20183,03965671,47,0,1,01,D,100,D,1,D,0.0650,D,1950,D,-495,D,01,D,120000,D
20183,03966551,16,0,1,01,D,100,D,1,D,0.0650,D,2031,D,-831,D,01,D,125000,D
20183,03966621,14,0,1,01,D,100,D,1,D,0.0650,D,41,D,958,D,01,D,2500,D
20183,03967051,16,0,1,01,D,100,D,1,D,0.0650,D,683,D,2017,D,01,D,42000,D
20183,03967461,29,0,1,01,D,100,D,2,D,0.0650,D,,A,,A,01,D,0,D
20183,03967511,17,0,1,01,D,100,D,1,D,0.0650,D,1,D,109,D,01,D,85,D
20183,03968511,11,0,1,01,D,100,D,2,D,0.0650,D,,A,,A,01,D,110000,D
20183,03968531,11,0,1,01,D,100,D,1,D,0.0650,D,62,D,-14,D,01,D,3800,D
20183,03969651,16,0,1,01,D,100,D,1,D,0.0650,D,130,D,1070,D,01,D,8000,D
20183,03970401,14,0,1,01,D,100,D,1,D,0.0650,D,504,F,399,F,01,D,31000,F
20183,03970801,19,0,1,01,D,100,D,1,D,0.0650,D,10,D,590,D,01,D,600,D
20183,03971044,9,0,1,01,D,100,D,1,D,0.0650,D,1836,D,1464,D,02,D,113000,D
20183,03972051,52,0,1,01,D,100,D,1,D,0.0650,D,2438,D,-548,D,01,D,150000,D
20183,03973234,55,0,1,01,D,100,D,1,D,0.0650,D,0,D,0,D,01,D,0,D
20183,03973234,56,0,1,02,D,200,D,1,D,0.0650,D,0,D,0,D,01,D,0,D
20183,03973951,11,0,1,01,D,100,D,2,D,0.0650,D,,A,,A,01,D,0,D
20183,03974851,32,0,1,01,D,100,D,2,D,0.0650,D,,A,,A,01,D,0,D
20183,03974861,25,0,1,01,D,100,D,1,D,0.0650,D,227,D,544,D,01,D,13949,D
20183,03974891,50,0,1,01,D,100,D,1,D,0.0650,D,325,D,8675,D,01,D,20000,D
20183,03985661,47,0,1,01,D,100,D,2,D,0.0650,D,,A,,A,01,D,0,D
20183,03985791,25,0,1,02,D,300,D,1,D,0.0650,D,374,D,316,D,01,D,23000,D
20183,03987411,8,0,1,01,D,100,D,1,D,0.0650,D,236,D,364,D,01,D,14500,D
20183,03988051,47,0,1,01,D,100,D,2,D,0.0650,D,,A,,A,01,D,0,D
20183,03988171,19,0,1,01,D,100,D,1,D,0.0650,D,81,D,369,D,01,D,5000,D
20183,03988181,14,0,1,01,D,100,D,2,D,0.0650,D,,A,,A,01,D,14200,D
20183,03988471,11,0,1,01,D,100,D,1,D,0.0650,D,553,D,713,D,01,D,34000,D
20183,03989271,7,0,1,01,D,100,D,1,D,0.0650,D,3,D,194,D,01,D,197,D
20183,03989341,10,0,1,01,D,100,D,1,D,0.0650,D,94,D,1256,D,01,D,5800,D
20183,03989551,19,0,1,01,D,100,D,1,D,0.0650,D,195,D,105,D,01,D,12000,D
20183,03990371,19,0,1,01,D,100,D,1,D,0.0650,D,293,D,307,D,01,D,18000,D
20183,03991211,52,0,1,01,D,100,D,1,D,0.0650,D,374,D,826,D,01,D,23000,D
20183,03991721,20,0,1,01,D,100,D,1,D,0.0650,D,455,F,-155,F,01,D,28000,F
20183,03992311,21,0,1,01,D,100,D,1,D,0.0650,D,1170,D,-270,D,01,D,72000,D
20183,03992771,5,0,1,01,D,100,D,1,D,0.0650,D,211,D,539,D,01,D,13000,D
20183,03993191,27,0,1,01,D,100,D,1,D,0.0650,D,34,D,266,D,01,D,2100,D
20183,03993501,12,0,1,01,D,100,D,1,D,0.0650,D,325,D,1175,D,01,D,20000,D
20183,03993581,53,0,1,01,D,100,D,1,D,0.0650,D,6122,D,1153,D,01,D,295655,T
20183,03994231,48,0,1,01,D,100,D,2,D,0.0650,D,,A,,A,01,D,0,D
20183,03995471,48,0,1,01,D,100,D,1,D,0.0650,D,19,D,1481,D,01,D,1160,D
20184,03819304,27,0,5,01,D,100,D,1,D,0.0675,D,356,F,-86,F,01,D,21090,F
20184,03819504,37,0,5,01,D,100,D,2,D,0.0675,D,,A,,A,01,D,0,D
20184,03820744,23,0,5,01,D,100,D,1,D,0.0675,D,388,D,317,D,01,D,23000,D
20184,03821084,25,0,5,01,D,100,D,1,D,0.0675,D,540,D,218,D,01,D,32000,D
20184,03821984,14,0,5,01,D,100,D,1,D,0.0675,D,641,D,259,D,01,D,38000,D
20184,03822184,36,0,5,01,D,100,D,1,D,0.0675,D,2700,D,-450,D,01,D,160000,D
20184,03822194,22,0,5,01,D,100,D,1,D,0.0675,D,186,D,714,D,01,D,11000,D
20184,03822364,57,0,1,01,D,100,D,1,D,0.0675,D,818,F,-173,F,01,D,48500,F
20184,03822504,21,0,5,01,D,100,D,1,D,0.0675,D,3291,D,309,D,01,D,195000,D
20184,03822994,34,0,5,01,D,100,D,1,D,0.0675,D,1350,D,-270,D,01,D,80000,D
20184,03823234,25,0,5,01,D,100,D,1,D,0.0675,D,641,F,259,F,01,D,38000,F
20184,03823734,15,0,5,01,D,100,D,1,D,0.0675,D,84,F,366,F,01,D,5000,F
20184,03824544,29,0,5,01,D,100,D,2,D,0.0675,D,,A,,A,01,D,0,D
20184,03825314,24,0,5,01,D,100,D,2,D,0.0675,D,203,F,847,F,01,D,12000,F
20184,03825344,43,0,5,01,D,100,D,1,D,0.0675,D,143,D,262,D,01,D,8500,D
20184,03825474,24,0,5,01,D,100,D,2,D,0.0675,D,1350,F,-30,F,01,D,80000,F
20184,03825904,49,0,5,01,D,100,D,2,D,0.0675,D,,A,,A,01,D,0,D
20184,03825904,50,0,5,01,D,100,D,2,D,0.0675,D,,A,,A,02,D,0,D
20184,03825904,51,0,5,01,D,100,D,1,D,0.0675,D,1401,D,4599,D,03,D,83000,D
20184,03826704,28,0,5,01,D,100,D,1,D,0.0675,D,338,D,292,D,01,D,20000,D
20184,03827094,16,0,5,01,D,100,D,2,D,0.0675,D,,A,,A,01,D,64000,D
20184,03827274,78,0,5,01,D,100,D,1,D,0.0675,D,614,D,7,D,01,D,36370,D
20184,03827294,25,0,5,01,D,100,D,1,D,0.0675,D,743,F,1057,F,01,D,44000,F
20184,03828344,13,0,5,01,D,100,D,2,D,0.0675,D,,A,,A,01,D,9000,D
20184,03828924,32,0,5,01,D,100,D,1,D,0.0675,D,287,D,913,D,01,D,17000,D
20184,03840094,31,0,5,01,D,100,D,2,D,0.0675,D,,A,,A,01,D,0,D
20184,03840454,25,0,5,01,D,100,D,1,D,0.0675,D,1328,D,122,D,01,D,78700,D
20184,03840654,28,0,5,01,D,100,D,1,D,0.0675,D,84,D,6,D,01,D,5000,D
20184,03840774,45,0,5,01,D,100,D,1,D,0.0675,D,759,D,-127,D,01,D,45000,D
20184,03841024,21,0,5,01,D,100,D,1,D,0.0675,D,861,F,39,F,01,D,51000,F
20184,03841064,32,0,5,01,D,100,D,1,D,0.0675,D,68,D,3932,D,01,D,4000,D
20184,03841954,45,0,5,01,D,100,D,1,D,0.0675,D,16,D,4947,D,01,D,966,D
20184,03842384,40,0,5,01,D,100,D,1,D,0.0675,D,184,D,6841,D,01,D,10900,D
20184,03843394,24,0,5,01,D,100,D,1,D,0.0675,D,945,F,555,F,01,D,56000,F
20184,03843664,18,0,5,01,D,100,D,2,D,0.0675,D,211,F,1389,F,01,D,12500,F
20184,03845344,19,0,5,01,D,100,D,1,D,0.0675,D,1941,F,869,F,01,D,115000,F
20184,03845944,32,0,5,01,D,100,D,1,D,0.0675,D,354,D,1440,D,01,D,21000,D
20184,03846444,23,0,5,01,D,100,D,1,D,0.0675,D,945,D,-168,D,01,D,56000,D
20184,03846524,39,0,5,01,D,100,D,1,D,0.0675,D,1198,D,62,D,01,D,71000,D
20184,03847004,24,0,5,01,D,100,D,2,D,0.0675,D,277,F,723,F,01,D,16400,F
20184,03847184,46,0,5,01,D,100,D,1,D,0.0675,D,743,D,886,D,01,D,44039,D
20184,03847504,21,0,5,01,D,100,D,1,D,0.0675,D,743,F,886,F,01,D,44039,F
20184,03847774,27,0,5,01,D,100,D,1,D,0.0675,D,1257,D,-272,D,01,D,74500,D
20184,03848054,24,0,5,01,D,100,D,1,D,0.0675,D,1013,D,1297,D,01,D,60000,D
20184,03848364,48,0,5,01,D,100,D,1,D,0.0675,D,1662,D,1338,D,01,D,98500,D
20184,03848444,9,0,5,01,D,100,D,2,D,0.0675,D,,A,,A,01,D,26000,D
20184,03848524,24,0,5,01,D,100,D,1,D,0.0675,D,793,D,107,D,01,D,47000,D
20184,03848614,44,0,5,01,D,100,D,1,D,0.0675,D,591,D,609,D,01,D,35000,D
20184,03848744,51,0,5,01,D,100,D,2,D,0.0675,D,,A,,A,01,D,29000,D
20184,03850554,18,0,5,01,D,100,D,1,D,0.0675,D,37,F,935,F,01,D,2200,F
20184,03850784,18,0,5,01,D,100,D,1,D,0.0675,D,304,F,566,F,01,D,18000,F
20184,03851054,49,0,5,01,D,100,D,1,D,0.0675,D,506,F,2644,F,01,D,30000,F
20184,03851054,50,0,5,01,D,100,D,1,D,0.0675,D,1065,F,27012,V,02,D,63138,F
20184,03851174,29,0,5,01,D,100,D,2,D,0.0675,D,,A,,A,01,D,0,D
20184,03852234,16,0,5,01,D,100,D,1,D,0.0675,D,246,F,234,F,01,D,14600,F
20184,03852804,26,0,5,01,D,100,D,1,D,0.0675,D,1013,F,1297,F,01,D,60000,F
20184,03853054,19,0,5,01,D,100,D,1,D,0.0675,D,759,D,291,D,01,D,45000,D
20184,03854234,42,0,5,01,D,300,D,1,D,0.0675,D,10969,F,-2273,V,01,D,463667,V
20184,03854344,31,0,5,01,D,100,D,1,D,0.0675,D,135,D,465,D,01,D,8000,D
20184,03854414,26,0,5,01,D,100,D,1,D,0.0675,D,1131,D,-329,D,01,D,67000,D
20184,03854534,15,0,5,01,D,100,D,1,D,0.0675,D,810,D,-141,D,01,D,48000,D
20184,03855304,58,0,5,01,D,100,D,1,D,0.0675,D,388,F,272,F,01,D,23000,F
20184,03855444,19,0,5,01,D,100,D,1,D,0.0675,D,540,D,360,D,01,D,32000,D
20184,03856364,16,0,5,01,D,100,D,2,D,0.0675,D,540,F,360,F,01,D,32000,F
20184,03857154,22,0,5,01,D,100,D,2,D,0.0675,D,,A,,A,01,D,118000,D
20184,03857654,21,0,5,01,D,100,D,1,D,0.0675,D,2013,D,-413,D,01,D,119300,D
20184,03859664,17,0,5,01,D,100,D,1,D,0.0675,D,371,D,529,D,01,D,22000,D
20184,03860024,27,0,5,01,D,100,D,1,D,0.0675,D,422,D,208,D,01,D,25000,D
20184,03891703,32,0,5,01,D,100,D,1,D,0.0675,D,0,D,0,D,01,D,0,D
20184,03891933,12,0,5,01,D,100,D,1,D,0.0675,D,84,D,1116,D,01,D,5000,D
20184,03892343,24,0,5,01,D,100,D,1,D,0.0675,D,1249,F,-79,F,01,D,74000,F
20184,03892833,40,0,5,01,D,100,D,1,D,0.0675,D,186,D,1164,D,01,D,11000,D
20184,03893283,39,0,5,01,D,100,D,1,D,0.0675,D,2,D,198,D,01,D,100,D
20184,03893363,18,0,5,01,D,100,D,1,D,0.0675,D,338,D,5662,D,01,D,20000,D
20184,03894453,21,0,5,01,D,100,D,1,D,0.0675,D,962,D,-22,D,01,D,57000,D
20184,03894463,18,0,5,01,D,100,D,2,D,0.0675,D,,A,,A,01,D,68000,D
20184,03894623,35,0,5,01,D,100,D,1,D,0.0675,D,186,F,1164,F,01,D,11000,F
20184,03894663,33,0,5,01,D,100,D,1,D,0.0675,D,304,D,566,D,01,D,18000,D
20184,03894913,31,0,5,01,D,100,D,1,D,0.0675,D,200,D,2450,D,01,D,11876,D
20184,03895113,22,0,5,01,D,100,D,1,D,0.0675,D,473,D,127,D,01,D,28000,D
20184,03895513,36,0,5,01,D,100,D,2,D,0.0675,D,,A,,A,01,D,105000,D
20184,03895803,18,0,5,01,D,100,D,1,D,0.0675,D,388,D,272,D,01,D,23000,D
20184,03896193,22,0,5,01,D,100,D,1,D,0.0675,D,236,D,3364,D,01,D,14000,D
20184,03896233,27,0,5,01,D,100,D,1,D,0.0675,D,356,D,-86,D,01,D,21090,D
20184,03897583,12,0,5,01,D,100,D,1,D,0.0675,D,429,D,636,D,01,D,25400,D
20184,03898243,43,0,5,01,D,100,D,2,D,0.0675,D,,A,,A,01,D,0,D
20184,03898983,31,0,5,01,D,100,D,1,D,0.0675,D,278,D,1222,D,01,D,16500,D
20184,03899323,21,0,5,01,D,100,D,1,D,0.0675,D,4101,D,99,D,01,D,295655,T
20184,03900483,32,0,5,01,D,100,D,1,D,0.0675,D,506,D,-306,D,01,D,30000,D
20184,03900883,48,0,5,02,D,300,D,1,D,0.0675,D,692,D,58,D,01,D,41000,D
20184,03901893,19,0,5,01,D,100,D,1,D,0.0675,D,1480,D,320,D,01,D,87700,D
20184,03902364,39,0,5,01,D,200,D,1,D,0.0675,D,3088,D,1112,D,01,D,183000,D
20184,03903393,17,0,5,01,D,100,D,2,D,0.0675,D,945,F,-345,F,01,D,56000,F
20184,03903563,26,0,5,01,D,100,D,1,D,0.0675,D,945,D,555,D,01,D,56000,D
20184,03903633,37,0,5,01,D,100,D,1,D,0.0675,D,186,D,414,D,01,D,11004,D
20184,03904773,22,0,5,01,D,100,D,1,D,0.0675,D,1316,D,-416,D,01,D,78000,D
20184,03905373,23,0,5,01,D,100,D,1,D,0.0675,D,810,D,-210,D,01,D,48000,D
20184,03906003,28,0,5,01,D,100,D,1,D,0.0675,D,818,D,-173,D,01,D,48500,D
20184,03906633,27,0,5,01,D,100,D,2,D,0.0675,D,,A,,A,01,D,0,D
20184,03907093,19,0,5,01,D,100,D,1,D,0.0675,D,1080,D,20,D,01,D,64000,D
20184,03907163,31,0,5,01,D,100,D,1,D,0.0675,D,417,D,9583,D,01,D,24700,D
20184,03907673,22,0,5,01,D,100,D,1,D,0.0675,D,506,D,2644,D,01,D,30000,D
20184,03907693,43,0,5,01,D,100,D,1,D,0.0675,D,1434,D,79,D,01,D,85000,D
20184,03908603,23,0,5,01,D,100,D,1,D,0.0675,D,1065,D,27012,T,01,D,63138,D
20184,03908673,13,0,5,01,D,100,D,2,D,0.0675,D,,A,,A,01,D,62000,D
20184,03909093,20,0,5,01,D,100,D,1,D,0.0675,D,844,D,206,D,01,D,50000,D
20184,03909103,30,0,5,01,D,100,D,1,D,0.0675,D,1603,D,647,D,01,D,95000,D
20184,03910613,25,0,5,01,D,100,D,2,D,0.0675,D,,A,,A,01,D,0,D
20184,03912173,33,0,5,01,D,100,D,1,D,0.0675,D,27,D,399,D,01,D,1574,D
20184,03912283,17,0,5,01,D,100,D,2,D,0.0675,D,,A,,A,01,D,26000,D
20184,03923153,33,0,5,01,D,100,D,1,D,0.0675,D,143,D,957,D,01,D,8500,D
20184,03924733,36,0,5,01,D,100,D,1,D,0.0675,D,709,D,131,D,01,D,42000,D
20184,03926453,25,0,5,01,D,100,D,1,D,0.0675,D,928,D,11072,D,01,D,55000,D
20184,03927923,25,0,5,01,D,100,D,1,D,0.0675,D,5999,D,1,D,01,D,295655,T
20184,03928203,20,0,5,01,D,100,D,2,D,0.0675,D,,A,,A,01,D,0,D
20184,03929723,32,0,5,01,D,100,D,2,D,0.0675,D,,A,,A,01,D,0,D
20184,03929953,32,0,5,01,D,100,D,1,D,0.0675,D,861,D,39,D,01,D,51000,D
20184,03930563,25,0,5,01,D,100,D,1,D,0.0675,D,278,D,1222,D,01,D,16500,D
20184,03930593,30,0,5,01,D,100,D,1,D,0.0675,D,34,D,1466,D,01,D,2000,D
20184,03930833,23,0,5,01,D,100,D,1,D,0.0675,D,17,D,983,D,01,D,1000,D
20184,03931443,21,0,5,01,D,100,D,1,D,0.0675,D,1339,D,-315,D,01,D,79324,D
20184,03932533,10,0,5,01,D,300,D,1,D,0.0675,D,2447,D,-347,D,01,D,145000,D
20184,03933503,87,0,5,01,D,100,D,2,D,0.0675,D,,A,,A,01,D,75000,D
20184,03945392,11,0,1,01,D,100,D,1,D,0.0675,D,253,D,260,D,01,D,15000,D
20184,03946102,30,0,5,01,D,100,D,2,D,0.0675,D,,A,,A,01,D,0,D
20184,03948512,52,0,5,01,D,100,D,1,D,0.0675,D,962,D,-212,D,01,D,57000,D
20184,03948652,20,0,5,01,D,100,D,1,D,0.0675,D,2363,F,637,F,01,D,140000,F
20184,03949072,20,0,5,01,D,100,D,1,D,0.0675,D,709,D,1091,D,01,D,42000,D
20184,03950202,30,0,5,01,D,100,D,1,D,0.0675,D,1266,D,3734,D,01,D,75000,D
20184,03951502,21,0,5,01,D,100,D,1,D,0.0675,D,844,D,1156,D,01,D,50000,D
20184,03951692,16,0,5,01,D,100,D,1,D,0.0675,D,405,F,3095,F,01,D,24000,F
20184,03952322,31,0,5,01,D,100,D,1,D,0.0675,D,270,D,1434,D,01,D,16000,D
20184,03953082,25,0,5,01,D,100,D,1,D,0.0675,D,1367,D,3733,D,01,D,81000,D
20184,03954462,20,0,1,01,D,100,D,1,D,0.0675,D,1350,D,-30,D,01,D,80000,D
20184,03954472,32,0,1,01,D,100,D,1,D,0.0675,D,1688,D,-578,D,01,D,100000,D
20184,03954542,31,0,5,01,D,100,D,2,D,0.0675,D,,A,,A,01,D,50000,D
20184,03965102,20,0,5,01,D,100,D,2,D,0.0675,D,178,F,1322,F,01,D,10556,F
20184,03965412,18,0,5,01,D,100,D,1,D,0.0675,D,962,D,538,D,01,D,57000,D
20184,03965672,67,0,5,01,D,100,D,1,D,0.0675,D,2059,F,-559,F,01,D,122000,F
20184,03966552,24,0,5,01,D,100,D,2,D,0.0675,D,,A,,A,01,D,110000,D
20184,03966622,20,0,5,01,D,100,D,1,D,0.0675,D,405,D,3095,D,01,D,24000,D
20184,03967052,26,0,5,01,D,100,D,1,D,0.0675,D,253,D,347,D,01,D,15000,D
20184,03967462,25,0,5,01,D,100,D,2,D,0.0675,D,2700,F,-450,F,01,D,160000,F
20184,03967512,19,0,5,01,D,100,D,2,D,0.0675,D,,A,,A,01,D,0,D
20184,03968532,19,0,5,01,D,100,D,1,D,0.0675,D,64,D,-16,D,01,D,3800,D
20184,03969572,33,0,1,01,D,100,D,1,D,0.0675,D,945,D,-345,D,01,D,56000,D
20184,03969652,18,0,5,01,D,100,D,1,D,0.0675,D,68,D,2932,D,01,D,4000,D
20184,03970402,29,0,5,01,D,100,D,1,D,0.0675,D,1097,D,1903,D,01,D,65000,D
20184,03970802,28,0,5,01,D,100,D,1,D,0.0675,D,2363,D,637,D,01,D,140000,D
20184,03972052,53,0,5,01,D,100,D,1,D,0.0675,D,2596,D,27012,T,01,D,153851,D
20184,03973952,26,0,5,01,D,100,D,2,D,0.0675,D,,A,,A,01,D,0,D
20184,03974252,23,0,5,01,D,100,D,2,D,0.0675,D,,A,,A,01,D,0,D
20184,03974852,28,0,5,01,D,100,D,2,D,0.0675,D,,A,,A,01,D,0,D
20184,03974862,28,0,5,01,D,100,D,1,D,0.0675,D,229,D,545,D,01,D,13549,D
20184,03974892,49,0,5,01,D,100,D,1,D,0.0675,D,844,D,8156,D,01,D,50000,D
20184,03985792,42,0,5,02,D,300,D,1,D,0.0675,D,371,D,292,D,01,D,22000,D
20184,03987412,14,0,5,01,D,100,D,1,D,0.0675,D,246,D,234,D,01,D,14600,D
20184,03988052,44,0,5,01,D,100,D,2,D,0.0675,D,,A,,A,01,D,0,D
20184,03988182,17,0,5,01,D,100,D,1,D,0.0675,D,238,D,164,D,01,D,14085,D
20184,03989272,9,0,5,01,D,100,D,1,D,0.0675,D,3,D,199,D,01,D,202,D
20184,03989552,34,0,5,01,D,100,D,1,D,0.0675,D,203,D,97,D,01,D,12054,D
20184,03990372,34,0,5,01,D,100,D,2,D,0.0675,D,,A,,A,01,D,18000,D
20184,03991072,12,0,5,01,D,100,D,1,D,0.0675,D,186,D,1314,D,01,D,11000,D
20184,03991212,27,0,5,01,D,100,D,1,D,0.0675,D,169,D,27012,T,01,D,10000,D
20184,03992312,39,0,5,01,D,100,D,1,D,0.0675,D,1249,D,-79,D,01,D,74000,D
20184,03993192,37,0,5,01,D,100,D,1,D,0.0675,D,54,D,6,D,01,D,3200,D
20184,03993502,24,0,5,01,D,100,D,1,D,0.0675,D,405,D,495,D,01,D,24000,D
20184,03993582,34,0,5,01,D,100,D,1,D,0.0675,D,1654,D,3146,D,01,D,98000,D
20184,03995472,52,0,5,01,D,100,D,1,D,0.0675,D,178,D,1322,D,01,D,10556,D
20184,04006691,26,0,1,01,D,100,D,1,D,0.0675,D,277,D,723,D,01,D,16400,D
20184,04006771,43,0,1,01,D,100,D,1,D,0.0675,D,915,D,135,D,01,D,54200,D
20184,04007451,24,0,1,01,D,100,D,1,D,0.0675,D,2464,D,3536,D,01,D,146000,D
20184,04007771,30,0,1,01,D,100,D,1,D,0.0675,D,2059,D,-559,D,01,D,122000,D
20184,04009271,15,0,1,01,D,100,D,1,D,0.0675,D,945,D,615,D,01,D,56000,D
20184,04009281,10,0,1,01,D,100,D,2,D,0.0675,D,,A,,A,01,D,0,D
20184,04010271,9,0,1,01,D,100,D,1,D,0.0675,D,1013,D,128,D,01,D,60000,D
20184,04010861,20,0,1,01,D,100,D,1,D,0.0675,D,1181,D,733,D,01,D,70000,D
20184,04010881,12,0,1,01,D,100,D,1,D,0.0675,D,84,F,6,F,01,D,5000,F
20184,04011521,29,0,1,01,D,100,D,1,D,0.0675,D,338,D,-68,D,01,D,20000,D
20184,04011961,17,0,1,01,D,100,D,1,D,0.0675,D,759,D,441,D,01,D,45000,D
20184,04012501,30,0,1,02,D,300,D,1,D,0.0675,D,8286,D,-2273,T,01,D,463667,T
20184,04013671,25,0,1,01,D,100,D,1,D,0.0675,D,68,D,382,D,01,D,4000,D
20184,04014511,15,0,1,01,D,100,D,1,D,0.0675,D,827,D,79,D,01,D,49000,D
20184,04014691,28,0,1,01,D,100,D,1,D,0.0675,D,354,D,2646,D,01,D,21000,D
20184,04015021,15,0,1,01,D,100,D,1,D,0.0675,D,219,D,381,D,01,D,13000,D
20184,04015211,12,0,1,01,D,100,D,2,D,0.0675,D,,A,,A,01,D,0,D
20184,04015221,10,0,1,01,D,100,D,1,D,0.0675,D,211,D,1389,D,01,D,12500,D
20184,04015361,21,0,1,01,D,100,D,1,D,0.0675,D,253,D,647,D,01,D,15000,D
20184,04015561,16,0,1,01,D,100,D,1,D,0.0675,D,203,D,847,D,01,D,12000,D
20184,04016621,12,0,1,01,D,100,D,1,D,0.0675,D,810,F,-141,F,01,D,48000,F
20184,04017271,10,0,1,01,D,100,D,1,D,0.0675,D,1485,D,-288,D,01,D,88000,D
20184,04028171,15,0,1,01,D,100,D,1,D,0.0675,D,51,D,264,D,01,D,3000,D
20184,04029781,32,0,1,01,D,100,D,1,D,0.0675,D,1063,D,137,D,01,D,63000,D
20184,04030611,21,0,1,01,D,100,D,2,D,0.0675,D,,A,,A,01,D,0,D
20184,04030741,16,0,1,01,D,100,D,1,D,0.0675,D,844,D,2006,D,01,D,50000,D
20184,04031071,18,0,1,01,D,100,D,1,D,0.0675,D,3713,D,2287,D,01,D,295655,T
20184,04031671,18,0,1,01,D,100,D,1,D,0.0675,D,84,D,216,D,01,D,5000,D
20184,04034791,16,0,1,01,D,100,D,1,D,0.0675,D,37,D,935,D,01,D,2200,D
20184,04034841,20,0,1,01,D,100,D,2,D,0.0675,D,,A,,A,01,D,0,D
20184,04035231,28,0,1,01,D,100,D,1,D,0.0675,D,911,D,2089,D,01,D,54000,D
20184,04035391,17,0,1,01,D,100,D,1,D,0.0675,D,2160,D,1840,D,01,D,128000,D
20184,04037341,15,0,1,01,D,100,D,1,D,0.0675,D,743,D,1057,D,01,D,44000,D
20184,04037751,19,0,1,01,D,100,D,1,D,0.0675,D,1029,D,104,D,01,D,61000,D
20184,04037891,17,0,1,01,D,100,D,1,D,0.0675,D,419,D,46,D,01,D,24800,D
20184,04039111,45,0,1,01,D,100,D,1,D,0.0675,D,823,D,872,D,01,D,48761,D
20184,04039251,13,0,1,01,D,100,D,2,D,0.0675,D,,A,,A,01,D,0,D
20184,04039261,38,0,1,01,D,100,D,1,D,0.0675,D,1358,D,142,D,01,D,80500,D
20184,04039441,13,0,1,01,D,300,D,2,D,0.0675,D,,A,,A,01,D,0,D
20184,04039801,17,0,1,01,D,100,D,1,D,0.0675,D,10969,D,-3715,T,01,D,295655,T
20184,04040541,34,0,1,01,D,100,D,1,D,0.0675,D,591,D,27012,T,01,D,35000,D
20184,04041421,34,0,1,01,D,100,D,1,D,0.0675,D,1061,D,91,D,01,D,62862,D
20184,04041721,32,0,1,01,D,100,D,1,D,0.0675,D,422,D,1078,D,01,D,25000,D
20184,04042161,23,0,1,01,D,100,D,1,D,0.0675,D,1063,D,137,D,01,D,63000,D
20184,04042241,11,0,1,01,D,100,D,1,D,0.0675,D,675,F,175,F,01,D,40000,F
20184,04042521,27,0,1,01,D,100,D,1,D,0.0675,D,675,D,126,D,01,D,40000,D
20184,04042621,36,0,1,01,D,100,D,1,D,0.0675,D,203,D,547,D,01,D,12000,D
20184,04043391,21,0,1,01,D,100,D,1,D,0.0675,D,759,D,441,D,01,D,45000,D
20184,04043431,32,0,1,01,D,100,D,1,D,0.0675,D,911,D,589,D,01,D,54000,D
20184,04044661,7,0,1,01,D,100,D,1,D,0.0675,D,18,D,1032,D,01,D,1050,D
20184,04044851,15,0,1,01,D,100,D,1,D,0.0675,D,84,D,366,D,01,D,5000,D
20184,04045371,15,0,1,01,D,100,D,1,D,0.0675,D,506,D,-131,D,01,D,30000,D
20184,04046241,6,0,1,01,D,100,D,1,D,0.0675,D,574,D,-274,D,01,D,34000,D
20184,04046241,7,0,1,01,D,100,D,1,D,0.0675,D,219,D,381,D,02,D,13000,D
20184,04047131,32,0,1,01,D,100,D,1,D,0.0675,D,1941,D,869,D,01,D,115000,D
20184,04047421,10,0,1,01,D,100,D,1,D,0.0675,D,127,D,2273,D,01,D,7500,D
20184,04047501,63,0,1,01,D,100,D,1,D,0.0675,D,1153,D,137,D,01,D,68297,D
20184,04047921,10,0,1,01,D,100,D,2,D,0.0675,D,,A,,A,01,D,0,D
20184,04048391,16,0,1,01,D,100,D,1,D,0.0675,D,10,D,290,D,01,D,614,D
20184,04048631,18,0,1,01,D,100,D,1,D,0.0675,D,675,D,175,D,01,D,40000,D
20191,03891704,51,0,5,01,D,100,D,2,D,0.0700,D,,A,,A,01,D,0,D
20191,03891934,12,0,5,01,D,100,D,2,D,0.0700,D,1838,F,-38,F,01,D,105000,F
20191,03892254,23,0,5,01,D,100,D,2,D,0.0700,D,,A,,A,01,D,18700,D
20191,03892344,27,0,5,01,D,100,D,1,D,0.0700,D,333,D,5667,D,01,D,19000,D
20191,03892834,42,0,5,01,D,100,D,1,D,0.0700,D,194,D,1156,D,01,D,11059,D
20191,03893284,42,0,5,01,D,100,D,2,D,0.0700,D,,A,,A,01,D,0,D
20191,03893364,15,0,5,01,D,100,D,1,D,0.0700,D,1085,D,4915,D,01,D,62000,D
20191,03894454,24,0,5,01,D,100,D,1,D,0.0700,D,5,D,295,D,01,D,300,D
20191,03894464,19,0,5,01,D,100,D,1,D,0.0700,D,1225,D,1679,D,01,D,70000,D
20191,03894624,34,0,5,01,D,100,D,1,D,0.0700,D,1103,F,157,F,01,D,63000,F
20191,03894664,30,0,5,01,D,100,D,1,D,0.0700,D,315,D,555,D,01,D,18000,D
20191,03894914,32,0,5,01,D,100,D,1,D,0.0700,D,138,D,2495,D,01,D,7875,D
20191,03895114,25,0,5,01,D,100,D,1,D,0.0700,D,525,D,4775,D,01,D,30000,D
20191,03895514,17,0,5,01,D,100,D,1,D,0.0700,D,2135,F,-335,F,01,D,122000,F
20191,03895804,17,0,5,01,D,100,D,1,D,0.0700,D,420,D,360,D,01,D,24000,D
20191,03896194,28,0,5,01,D,100,D,1,D,0.0700,D,210,D,3390,D,01,D,12000,D
20191,03896234,25,0,5,01,D,100,D,1,D,0.0700,D,368,D,-122,D,01,D,21000,D
20191,03897584,18,0,5,01,D,100,D,1,D,0.0700,D,444,D,-126,D,01,D,25385,D
20191,03898244,49,0,5,01,D,100,D,2,D,0.0700,D,,A,,A,01,D,0,D
20191,03898984,34,0,5,01,D,100,D,1,D,0.0700,D,249,D,1251,D,01,D,14200,D
20191,03899324,20,0,5,01,D,100,D,1,D,0.0700,D,4900,D,-433,D,01,D,295655,T
20191,03900414,15,0,1,01,D,100,D,1,D,0.0700,D,158,D,217,D,01,D,9000,D
20191,03900484,35,0,5,01,D,100,D,1,D,0.0700,D,508,D,192,D,01,D,29000,D
20191,03900884,57,0,5,02,D,300,D,1,D,0.0700,D,2489,D,-2273,T,01,D,142200,D
20191,03901894,21,0,5,01,D,100,D,1,D,0.0700,D,1524,D,576,D,01,D,87100,D
20191,03903564,26,0,5,01,D,100,D,1,D,0.0700,D,928,D,572,D,01,D,53000,D
20191,03903634,36,0,5,01,D,100,D,1,D,0.0700,D,263,D,337,D,01,D,15000,D
20191,03904774,32,0,5,01,D,100,D,1,D,0.0700,D,1341,D,-789,D,01,D,76600,D
20191,03905374,24,0,5,01,D,100,D,1,D,0.0700,D,525,D,975,D,01,D,30000,D
20191,03906004,47,0,5,01,D,100,D,1,D,0.0700,D,855,D,-165,D,01,D,48835,D
20191,03906634,23,0,5,01,D,100,D,2,D,0.0700,D,,A,,A,01,D,0,D
20191,03907094,20,0,5,01,D,100,D,1,D,0.0700,D,1103,D,157,D,01,D,63000,D
20191,03907164,49,0,5,01,D,100,D,1,D,0.0700,D,250,D,9250,D,01,D,14300,D
20191,03907674,21,0,5,01,D,100,D,1,D,0.0700,D,525,D,420,D,01,D,30000,D
20191,03907694,46,0,5,01,D,100,D,1,D,0.0700,D,1505,D,-42,D,01,D,86000,D
20191,03908604,22,0,5,01,D,100,D,2,D,0.0700,D,,A,,A,01,D,0,D
20191,03908674,14,0,5,01,D,100,D,2,D,0.0700,D,,A,,A,01,D,60000,D
20191,03909094,24,0,5,01,D,100,D,1,D,0.0700,D,1733,D,-554,D,01,D,99000,D
20191,03909104,50,0,5,01,D,100,D,1,D,0.0700,D,1733,D,517,D,01,D,99000,D
20191,03910614,32,0,5,01,D,100,D,1,D,0.0700,D,175,D,375,D,01,D,10000,D
20191,03912174,40,0,5,01,D,100,D,1,D,0.0700,D,326,D,118,D,01,D,18650,D
20191,03912284,20,0,5,01,D,100,D,1,D,0.0700,D,464,D,-134,D,01,D,26500,D
20191,03923154,27,0,5,01,D,100,D,1,D,0.0700,D,131,D,7469,D,01,D,7500,D
20191,03924714,26,0,5,01,D,100,D,1,D,0.0700,D,455,D,445,D,01,D,26000,D
20191,03924734,41,0,5,01,D,100,D,1,D,0.0700,D,735,D,105,D,01,D,42000,D
20191,03926454,39,0,5,01,D,100,D,1,D,0.0700,D,525,D,8475,D,01,D,30000,D
20191,03927374,14,0,1,01,D,100,D,1,D,0.0700,D,123,D,327,D,01,D,7000,D
20191,03927924,26,0,5,01,D,100,D,1,D,0.0700,D,6125,D,-425,D,01,D,295655,T
20191,03928204,19,0,5,01,D,100,D,2,D,0.0700,D,,A,,A,01,D,0,D
20191,03929244,20,0,5,01,D,100,D,1,D,0.0700,D,175,D,425,D,01,D,10000,D
20191,03929724,32,0,5,01,D,100,D,1,D,0.0700,D,350,D,550,D,01,D,20000,D
20191,03930564,27,0,5,01,D,100,D,1,D,0.0700,D,263,D,1237,D,01,D,15000,D
20191,03930594,35,0,5,01,D,100,D,2,D,0.0700,D,,A,,A,01,D,0,D
20191,03930834,28,0,5,01,D,100,D,1,D,0.0700,D,613,D,2387,D,01,D,35000,D
20191,03931444,21,0,5,01,D,100,D,1,D,0.0700,D,1383,D,-339,D,01,D,79000,D
20191,03932534,12,0,5,01,D,300,D,2,D,0.0700,D,875,F,-88,F,01,D,50000,F
20191,03933524,47,0,5,01,D,100,D,1,D,0.0700,D,3850,D,650,D,01,D,295655,T
20191,03944193,7,0,5,01,D,100,D,1,D,0.0700,D,462,D,-62,D,01,D,26402,D
20191,03945393,19,0,5,01,D,100,D,1,D,0.0700,D,193,D,320,D,01,D,11000,D
20191,03946103,39,0,5,01,D,100,D,2,D,0.0700,D,,A,,A,01,D,67628,D
20191,03948513,41,0,5,01,D,100,D,1,D,0.0700,D,980,D,-92,D,01,D,56000,D
20191,03948653,16,0,5,01,D,100,D,1,D,0.0700,D,455,F,1045,F,01,D,26000,F
20191,03949073,29,0,5,01,D,100,D,1,D,0.0700,D,700,D,1100,D,01,D,40000,D
20191,03950203,34,0,5,01,D,100,D,1,D,0.0700,D,7158,D,-3715,T,01,D,295655,T
20191,03950573,11,0,1,01,D,100,D,1,D,0.0700,D,840,F,90,F,01,D,48000,F
20191,03951503,25,0,5,01,D,100,D,1,D,0.0700,D,700,D,1100,D,01,D,40000,D
20191,03951513,45,0,5,01,D,100,D,1,D,0.0700,D,0,F,0,F,01,D,0,F
20191,03951693,13,0,5,01,D,100,D,2,D,0.0700,D,525,F,420,F,01,D,30000,F
20191,03952323,30,0,5,01,D,100,D,2,D,0.0700,D,,A,,A,01,D,16000,D
20191,03953083,26,0,5,01,D,100,D,1,D,0.0700,D,1400,D,3736,D,01,D,80000,D
20191,03954463,30,0,5,01,D,100,D,2,D,0.0700,D,,A,,A,01,D,0,D
20191,03954473,27,0,5,01,D,100,D,1,D,0.0700,D,1223,F,898,F,01,D,69897,F
20191,03954543,36,0,5,01,D,100,D,1,D,0.0700,D,875,D,27012,T,01,D,50000,D
20191,03965103,19,0,5,01,D,100,D,1,D,0.0700,D,245,F,505,F,01,D,14000,F
20191,03965413,23,0,5,01,D,100,D,1,D,0.0700,D,47,F,2953,F,01,D,2700,F
20191,03965673,74,0,5,01,D,100,D,1,D,0.0700,D,5131,D,637,D,01,D,295655,T
20191,03966553,27,0,5,01,D,100,D,1,D,0.0700,D,1932,D,-801,D,01,D,110416,D
20191,03966623,22,0,5,01,D,100,D,1,D,0.0700,D,403,D,2597,D,01,D,23000,D
20191,03967063,14,0,1,01,D,100,D,1,D,0.0700,D,981,D,-294,D,01,D,56065,D
20191,03967463,21,0,5,01,D,100,D,2,D,0.0700,D,3938,F,2062,F,01,D,295655,V
20191,03967513,18,0,5,01,D,100,D,2,D,0.0700,D,,A,,A,01,D,0,D
20191,03969573,27,0,5,01,D,100,D,1,D,0.0700,D,3938,F,-1538,F,01,D,295655,V
20191,03969653,18,0,5,01,D,100,D,1,D,0.0700,D,47,D,2953,D,01,D,2700,D
20191,03970403,24,0,5,01,D,100,D,2,D,0.0700,D,,A,,A,01,D,0,D
20191,03970803,29,0,5,01,D,100,D,1,D,0.0700,D,2433,D,267,D,01,D,139000,D
20191,03972053,85,0,5,01,D,100,D,1,D,0.0700,D,2363,D,27012,T,01,D,135000,D
20191,03973463,22,0,1,01,D,100,D,1,D,0.0700,D,1435,D,1865,D,01,D,82000,D
20191,03973523,14,0,1,01,D,100,D,1,D,0.0700,D,298,D,602,D,01,D,17000,D
20191,03973953,23,0,5,01,D,100,D,2,D,0.0700,D,,A,,A,01,D,0,D
20191,03974853,19,0,5,01,D,100,D,2,D,0.0700,D,,A,,A,01,D,0,D
20191,03974863,31,0,5,01,D,100,D,1,D,0.0700,D,210,D,368,D,01,D,12000,D
20191,03974893,73,0,5,01,D,100,D,1,D,0.0700,D,88,D,4912,D,01,D,5000,D
20191,03985793,48,0,5,02,D,300,D,1,D,0.0700,D,385,D,275,D,01,D,22000,D
20191,03987413,12,0,5,01,D,100,D,1,D,0.0700,D,245,D,250,D,01,D,14000,D
20191,03987773,16,0,1,01,D,100,D,1,D,0.0700,D,12,F,676,F,01,D,688,F
20191,03987823,10,0,1,01,D,100,D,1,D,0.0700,D,260,D,151,D,01,D,14860,D
20191,03988053,44,0,5,01,D,100,D,2,D,0.0700,D,,A,,A,01,D,0,D
20191,03988173,17,0,5,01,D,100,D,2,D,0.0700,D,,A,,A,01,D,47000,D
20191,03988183,21,0,5,01,D,100,D,1,D,0.0700,D,245,D,130,D,01,D,14000,D
20191,03989273,11,0,5,01,D,100,D,1,D,0.0700,D,4,D,196,D,01,D,200,D
20191,03989553,33,0,5,01,D,100,D,1,D,0.0700,D,219,D,81,D,01,D,12500,D
20191,03990373,25,0,5,01,D,100,D,1,D,0.0700,D,438,D,12,D,01,D,25000,D
20191,03991073,15,0,5,01,D,100,D,1,D,0.0700,D,175,D,1325,D,01,D,10000,D
20191,03991213,32,0,5,01,D,100,D,1,D,0.0700,D,140,D,1060,D,01,D,8000,D
20191,03991723,24,0,5,01,D,100,D,1,D,0.0700,D,613,D,197,D,01,D,35000,D
20191,03992313,33,0,5,01,D,100,D,1,D,0.0700,D,1278,D,27,D,01,D,73000,D
20191,03993193,42,0,5,01,D,100,D,1,D,0.0700,D,164,D,36,D,01,D,9347,D
20191,03993503,23,0,5,01,D,100,D,1,D,0.0700,D,420,D,330,D,01,D,24000,D
20191,03993583,31,0,5,01,D,100,D,1,D,0.0700,D,1980,D,3396,D,01,D,113159,D
20191,03994233,39,0,5,01,D,100,D,2,D,0.0700,D,,A,,A,01,D,0,D
20191,03995473,81,0,5,01,D,100,D,1,D,0.0700,D,177,D,1323,D,01,D,10101,D
20191,04006692,21,0,5,01,D,100,D,1,D,0.0700,D,280,D,620,D,01,D,16000,D
20191,04006772,30,0,5,01,D,100,D,1,D,0.0700,D,1225,D,50,D,01,D,70000,D
20191,04007452,38,0,5,01,D,100,D,2,D,0.0700,D,963,F,4037,F,01,D,55000,F
20191,04009272,16,0,5,01,D,100,D,2,D,0.0700,D,,A,,A,01,D,58000,D
20191,04010272,22,0,5,01,D,100,D,2,D,0.0700,D,,A,,A,01,D,58000,D
20191,04010862,30,0,5,01,D,100,D,1,D,0.0700,D,1223,D,898,D,01,D,69897,D
20191,04011522,35,0,5,01,D,100,D,1,D,0.0700,D,350,D,-180,D,02,D,20000,D
20191,04011522,36,0,5,01,D,100,D,1,D,0.0700,D,350,D,27012,T,01,D,20000,D
20191,04011962,31,0,5,01,D,100,D,1,D,0.0700,D,700,D,500,D,01,D,40000,D
20191,04012502,27,0,5,02,D,300,D,1,D,0.0700,D,210,F,2496,V,01,D,12000,F
20191,04013672,19,0,5,01,D,100,D,1,D,0.0700,D,164,F,36,F,01,D,9347,F
20191,04014512,23,0,5,01,D,100,D,1,D,0.0700,D,840,D,90,D,01,D,48000,D
20191,04014692,32,0,5,01,D,100,D,1,D,0.0700,D,525,D,75,D,01,D,30000,D
20191,04015022,26,0,5,01,D,100,D,1,D,0.0700,D,175,D,425,D,01,D,10000,D
20191,04015192,26,0,5,01,D,100,D,2,D,0.0700,D,,A,,A,01,D,20000,D
20191,04015212,19,0,5,01,D,100,D,2,D,0.0700,D,,A,,A,01,D,0,D
20191,04015222,23,0,5,01,D,100,D,1,D,0.0700,D,141,D,27012,T,01,D,8058,D
20191,04015362,26,0,5,01,D,100,D,1,D,0.0700,D,245,D,505,D,01,D,14000,D
20191,04015562,39,0,5,01,D,100,D,1,D,0.0700,D,613,D,377,D,01,D,35000,D
20191,04016622,23,0,5,01,D,100,D,1,D,0.0700,D,525,F,75,F,01,D,30000,F
20191,04017272,18,0,5,01,D,100,D,2,D,0.0700,D,263,F,337,F,01,D,15000,F
20191,04028172,16,0,5,01,D,100,D,2,D,0.0700,D,508,F,192,F,01,D,29000,F
20191,04029782,45,0,5,01,D,100,D,1,D,0.0700,D,1050,D,150,D,01,D,60000,D
20191,04030612,35,0,5,01,D,100,D,1,D,0.0700,D,963,D,4037,D,01,D,55000,D
20191,04031072,27,0,5,01,D,100,D,1,D,0.0700,D,3938,D,2062,D,01,D,295655,T
20191,04031672,33,0,5,01,D,100,D,1,D,0.0700,D,77,D,198,D,01,D,4400,D
20191,04034792,22,0,5,01,D,100,D,2,D,0.0700,D,,A,,A,01,D,0,D
20191,04034842,24,0,5,01,D,100,D,1,D,0.0700,D,525,D,75,D,01,D,30000,D
20191,04035232,55,0,5,01,D,100,D,1,D,0.0700,D,875,D,2125,D,01,D,50000,D
20191,04035392,15,0,5,01,D,100,D,2,D,0.0700,D,,A,,A,01,D,5000,D
20191,04035412,9,0,1,01,D,100,D,2,D,0.0700,D,,A,,A,01,D,7868,D
20191,04037342,16,0,5,01,D,100,D,1,D,0.0700,D,770,D,1108,D,01,D,44000,D
20191,04037752,43,0,5,01,D,100,D,1,D,0.0700,D,1085,D,2115,D,01,D,62000,D
20191,04037892,16,0,5,01,D,100,D,1,D,0.0700,D,420,D,48,D,01,D,24000,D
20191,04039112,43,0,5,01,D,100,D,1,D,0.0700,D,832,D,613,D,01,D,47530,D
20191,04039442,25,0,5,01,D,300,D,2,D,0.0700,D,,A,,A,01,D,30000,D
20191,04040542,31,0,5,01,D,100,D,1,D,0.0700,D,700,D,-340,D,01,D,40000,D
20191,04041422,55,0,5,01,D,100,D,1,D,0.0700,D,875,D,-88,D,01,D,50000,D
20191,04041722,26,0,5,01,D,100,D,1,D,0.0700,D,438,D,1062,D,01,D,25000,D
20191,04042162,29,0,5,01,D,100,D,1,D,0.0700,D,875,D,625,D,01,D,50000,D
20191,04042242,16,0,5,01,D,100,D,1,D,0.0700,D,2590,D,-508,D,01,D,148000,D
20191,04042522,36,0,5,01,D,100,D,2,D,0.0700,D,,A,,A,01,D,0,D
20191,04042622,43,0,5,01,D,100,D,1,D,0.0700,D,0,D,0,D,01,D,0,D
20191,04043392,17,0,5,01,D,100,D,1,D,0.0700,D,613,F,377,F,01,D,35000,F
20191,04043432,23,0,5,01,D,100,D,2,D,0.0700,D,,A,,A,01,D,0,D
20191,04044662,16,0,5,01,D,100,D,1,D,0.0700,D,1400,D,1900,D,01,D,80000,D
20191,04045372,30,0,5,01,D,100,D,1,D,0.0700,D,700,D,-250,D,01,D,40000,D
20191,04046242,17,0,5,01,D,100,D,1,D,0.0700,D,350,F,550,F,01,D,20000,F
20191,04046242,18,0,5,01,D,100,D,1,D,0.0700,D,1750,F,1163,F,02,D,100000,F
20191,04047132,39,0,5,01,D,100,D,1,D,0.0700,D,3850,F,650,F,01,D,295655,V
20191,04047422,14,0,5,01,D,100,D,2,D,0.0700,D,,A,,A,01,D,0,D
20191,04047502,71,0,5,01,D,100,D,1,D,0.0700,D,1194,D,186,D,01,D,68257,D
20191,04047922,14,0,5,01,D,100,D,1,D,0.0700,D,1015,F,-165,F,01,D,58000,F
20191,04048352,14,0,1,01,D,100,D,2,D,0.0700,D,,A,,A,01,D,0,D
20191,04048392,25,0,5,01,D,100,D,1,D,0.0700,D,7,D,301,D,01,D,400,D
20191,04048632,27,0,5,01,D,100,D,1,D,0.0700,D,1015,D,-165,D,01,D,58000,D
20191,04069661,21,0,1,01,D,100,D,1,D,0.0700,D,1750,D,2900,D,01,D,100000,D
20191,04069681,18,0,1,01,D,100,D,1,D,0.0700,D,420,D,-165,D,01,D,24000,D
20191,04069961,27,0,1,01,D,100,D,1,D,0.0700,D,851,D,49,D,01,D,48611,D
20191,04070361,19,0,1,01,D,100,D,1,D,0.0700,D,14,D,286,D,01,D,800,D
20191,04071201,13,0,1,01,D,100,D,1,D,0.0700,D,98,F,769,F,01,D,5600,F
20191,04071251,17,0,1,01,D,100,D,1,D,0.0700,D,70,D,1430,D,01,D,4000,D
20191,04071991,40,0,1,01,D,100,D,1,D,0.0700,D,0,D,0,D,01,D,0,D
20191,04072821,26,0,1,02,D,300,D,1,D,0.0700,D,805,D,23,D,01,D,46000,D
20191,04073121,18,0,1,01,D,100,D,1,D,0.0700,D,192,D,2808,D,01,D,10991,D
20191,04073191,44,0,1,01,D,100,D,1,D,0.0700,D,98,D,769,D,01,D,5600,D
20191,04073641,15,0,1,01,D,100,D,1,D,0.0700,D,700,F,-250,F,01,D,40000,F
20191,04073951,26,0,1,01,D,100,D,2,D,0.0700,D,,A,,A,01,D,0,D
20191,04074151,13,0,1,01,D,100,D,1,D,0.0700,D,788,D,787,D,01,D,45000,D
20191,04074201,44,0,1,01,D,100,D,1,D,0.0700,D,1785,D,27012,T,01,D,102000,D
20191,04074521,11,0,1,01,D,100,D,1,D,0.0700,D,455,D,1045,D,01,D,26000,D
20191,04075071,19,0,1,01,D,100,D,1,D,0.0700,D,2748,D,-1155,D,01,D,157000,D
20191,04075081,24,0,1,01,D,100,D,1,D,0.0700,D,1050,D,0,D,01,D,60000,D
20191,04076011,66,0,1,01,D,100,D,2,D,0.0700,D,,A,,A,01,D,0,D
20191,04076191,19,0,1,01,D,100,D,1,D,0.0700,D,4,D,116,D,01,D,250,D
20191,04076661,18,0,1,01,D,100,D,2,D,0.0700,D,,A,,A,01,D,0,D
20191,04091041,24,0,1,01,D,100,D,1,D,0.0700,D,36,D,2040,D,01,D,2076,D
20191,04091681,33,0,1,01,D,100,D,1,D,0.0700,D,3938,D,-1538,D,01,D,295655,T
20191,04092271,23,0,1,01,D,100,D,1,D,0.0700,D,3500,D,-500,D,01,D,200000,D
20191,04092551,36,0,1,01,D,100,D,1,D,0.0700,D,455,F,445,F,01,D,26000,F
20191,04092571,35,0,1,01,D,100,D,1,D,0.0700,D,2221,D,-136,D,01,D,126907,D
20191,04092861,28,0,1,01,D,100,D,1,D,0.0700,D,263,D,283,D,01,D,15000,D
20191,04092911,38,0,1,01,D,100,D,2,D,0.0700,D,,A,,A,01,D,0,D
20191,04093201,9,0,1,01,D,100,D,1,D,0.0700,D,35,D,115,D,01,D,2000,D
20191,04093541,13,0,1,01,D,100,D,1,D,0.0700,D,140,D,4860,D,01,D,8000,D
20191,04093691,7,0,1,01,D,100,D,1,D,0.0700,D,36,F,2040,F,01,D,2076,F
20191,04093731,22,0,1,01,D,100,D,1,D,0.0700,D,14,D,796,D,01,D,810,D
20191,04094671,9,0,1,01,D,100,D,1,D,0.0700,D,210,D,1440,D,01,D,12000,D
20191,04095251,36,0,1,01,D,100,D,1,D,0.0700,D,425,D,-125,D,01,D,24300,D
20191,04095441,23,0,1,01,D,100,D,1,D,0.0700,D,1750,D,1163,D,01,D,100000,D
20191,04095521,11,0,1,01,D,100,D,1,D,0.0700,D,5131,F,637,F,01,D,295655,V
20191,04095761,25,0,1,01,D,100,D,1,D,0.0700,D,7,F,301,F,01,D,400,F
20191,04095981,49,0,1,01,D,100,D,1,D,0.0700,D,1732,D,-856,D,01,D,98998,D
20191,04096241,16,0,1,01,D,100,D,1,D,0.0700,D,525,D,1125,D,01,D,30000,D
20191,04096461,26,0,1,01,D,100,D,1,D,0.0700,D,1838,D,-38,D,01,D,105000,D
20191,04097211,17,0,1,01,D,100,D,2,D,0.0700,D,,A,,A,01,D,11000,D
20191,04097521,28,0,1,01,D,100,D,1,D,0.0700,D,438,D,1362,D,01,D,25000,D
20191,04097741,26,0,1,01,D,100,D,1,D,0.0700,D,770,D,1480,D,01,D,44000,D
20191,04099251,20,0,1,01,D,100,D,2,D,0.0700,D,,A,,A,01,D,0,D
20191,04099991,45,0,1,01,D,100,D,1,D,0.0700,D,180,D,1320,D,01,D,10276,D
20191,04100101,16,0,1,01,D,100,D,2,D,0.0700,D,,A,,A,01,D,0,D
20191,04100991,25,0,1,01,D,100,D,1,D,0.0700,D,994,D,2066,D,01,D,56800,D
20191,04101051,22,0,1,01,D,100,D,2,D,0.0700,D,,A,,A,01,D,0,D
20191,04101741,23,0,1,01,D,100,D,1,D,0.0700,D,508,D,292,D,01,D,29000,D
20191,04102021,9,0,1,01,D,100,D,1,D,0.0700,D,12,D,676,D,01,D,688,D
20191,04102121,17,0,1,01,D,100,D,1,D,0.0700,D,1551,D,1284,D,01,D,88622,D
20191,04102251,11,0,1,01,D,100,D,1,D,0.0700,D,2221,F,-136,F,01,D,126907,F
20191,04102481,16,0,1,01,D,100,D,1,D,0.0700,D,32,D,418,D,01,D,1800,D
20191,04102991,15,0,1,01,D,100,D,2,D,0.0700,D,,A,,A,01,D,15000,D
20191,04103011,25,0,1,01,D,100,D,1,D,0.0700,D,4,D,296,D,01,D,200,D
20191,04104231,22,0,1,01,D,100,D,1,D,0.0700,D,0,D,0,D,01,D,0,D
20191,04104331,19,0,1,01,D,100,D,1,D,0.0700,D,840,D,660,D,01,D,48000,D
20191,04105421,28,0,1,01,D,100,D,1,D,0.0700,D,385,D,2615,D,01,D,22000,D
20191,04105421,29,0,1,01,D,100,D,2,D,0.0700,D,,A,,A,02,D,0,D
20191,04105691,15,0,1,01,D,100,D,2,D,0.0700,D,,A,,A,01,D,0,D
20191,04106081,9,0,1,01,D,100,D,1,D,0.0700,D,9,D,21,D,01,D,500,D
20191,04106171,22,0,1,01,D,100,D,2,D,0.0700,D,,A,,A,01,D,0,D
20191,04106471,25,0,1,01,D,100,D,1,D,0.0700,D,683,D,2317,D,01,D,39000,D
20191,04106611,22,0,1,01,D,100,D,2,D,0.0700,D,,A,,A,01,D,140000,D
20191,04106831,17,0,1,01,D,100,D,1,D,0.0700,D,403,D,697,D,01,D,23000,D
20191,04107111,38,0,1,01,D,100,D,1,D,0.0700,D,263,D,337,D,01,D,15000,D
20191,04107291,24,0,1,01,D,100,D,2,D,0.0700,D,,A,,A,01,D,0,D
20191,04107871,9,0,1,01,D,100,D,1,D,0.0700,D,6213,D,-1413,D,01,D,295655,T
20191,04107921,29,0,1,01,D,100,D,1,D,0.0700,D,1225,D,575,D,01,D,70000,D
20191,04108171,35,0,1,01,D,100,D,1,D,0.0700,D,648,D,852,D,01,D,37000,D
20191,04108881,13,0,1,01,D,100,D,1,D,0.0700,D,263,D,337,D,01,D,15000,D
20191,04110041,23,0,1,01,D,100,D,1,D,0.0700,D,210,F,368,F,01,D,12000,F
20191,04111061,14,0,1,01,D,100,D,1,D,0.0700,D,832,F,613,F,01,D,47530,F
20191,04111241,20,0,1,01,D,100,D,2,D,0.0700,D,,A,,A,01,D,45000,D
20191,04111381,22,0,1,01,D,200,D,1,D,0.0700,D,2135,D,-335,D,01,D,122000,D
