QYEAR,NEWID,SEQNO,ALCNO,REC_ORIG,VEHICYC,VEHICYC_,VEHDISP,VEHDISP_,VDISPMO,VDISPMO_,SALEX,SALEX_,REIMBURX,REIM_URX,EXREIMBX,EXRE_MBX,LOANSTAT,LOAN_TAT,FINPAYMX,FINP_YMX,VEHICIC,VEHICIC_
20181,03639504,24,0,1,110,D,1,D,10,D,3500,D,,A,,A,2,D,,A,02,D
20181,03639974,33,0,1,100,D,4,D,11,D,,A,21800,D,,A,2,D,,A,01,D
20181,03640284,9,0,1,100,D,4,D,12,D,,A,,A,,A,2,D,,A,01,D
20181,03640494,17,0,1,110,D,4,D,10,D,,A,4600,F,,A,2,D,,A,01,D
20181,03640524,13,0,1,100,D,6,D,12,D,,A,,A,,A,2,D,,A,02,D
20181,03641154,56,0,1,100,D,1,D,10,D,4500,D,,A,,A,2,D,,A,01,D
20181,03641204,38,0,1,110,D,2,D,10,D,,A,,A,,A,2,D,,A,02,D
20181,03641244,25,0,1,110,D,2,D,11,D,,A,,A,,A,2,D,,A,01,D
20181,03641654,40,0,2,110,D,6,D,10,D,,A,,A,,A,2,D,,A,01,D
20181,03641754,40,0,1,110,D,2,D,12,D,,A,,A,,A,1,D,,A,01,D
20181,03642014,10,0,1,110,D,1,D,11,D,300,D,,A,,A,2,D,,A,01,D
20181,03642294,18,0,1,110,D,3,D,11,D,,A,,A,,A,2,D,,A,02,D
20181,03642564,49,0,1,110,D,2,D,11,D,,A,,A,,A,2,D,,A,01,D
20181,03642824,48,0,1,100,D,2,D,11,D,,A,,A,,A,2,D,,A,01,D
20181,03642944,20,0,1,110,D,3,D,12,D,,A,,A,,A,2,D,,A,02,D
20181,03643584,40,0,1,110,D,1,D,12,D,2700,D,,A,,A,2,D,,A,02,D
20181,03643654,19,0,1,110,D,1,D,12,D,27500,F,,A,,A,2,D,,A,01,D
20181,03643904,31,0,1,160,D,3,D,10,D,,A,,A,,A,2,D,,A,04,D
20181,03644124,40,0,1,100,D,3,D,11,D,,A,,A,,A,2,D,,A,04,D
20181,03644134,27,0,1,110,D,2,D,12,D,,A,,A,,A,1,D,28000,D,02,D
20181,03644544,21,0,2,100,D,1,D,10,D,125,D,,A,,A,2,D,,A,01,D
20181,03644674,21,0,1,100,D,,C,12,D,,A,,A,,A,,C,,A,01,D
20181,03645284,43,0,1,110,D,2,D,10,D,,A,,A,,A,1,D,9200,D,01,D
20181,03645414,25,0,1,110,D,2,D,10,D,,A,,A,,A,2,D,,A,02,D
20181,03645744,28,0,1,100,D,4,D,11,D,,A,5900,D,,A,2,D,,A,03,D
20181,03646384,56,0,1,100,D,4,D,10,D,,A,6500,D,,A,2,D,,A,01,D
20181,03646854,32,0,2,100,D,1,D,10,D,1100,D,,A,,A,2,D,,A,05,D
20181,03647114,24,0,1,110,D,1,D,12,D,5000,D,,A,,A,2,D,,A,03,D
20181,03647594,35,0,1,110,D,1,D,11,D,4000,D,,A,,A,2,D,,A,01,D
20181,03647914,30,0,1,120,D,6,D,12,D,,A,,A,,A,2,D,,A,07,D
20181,03647984,64,0,1,110,D,3,D,11,D,,A,,A,,A,2,D,,A,01,D
20181,03649034,16,0,1,100,D,6,D,11,D,,A,,A,,A,,C,,A,01,D
20181,03650614,59,0,1,110,D,1,D,01,D,6000,D,,A,,A,2,D,,A,05,D
20181,03650944,34,0,1,110,D,2,D,11,D,,A,,A,,A,2,D,,A,02,D
20181,03651034,32,0,1,110,D,2,D,01,D,,A,,A,,A,1,D,12000,D,01,D
20181,03651204,20,0,1,110,D,1,D,12,D,800,F,,A,,A,2,D,,A,01,D
20181,03652084,25,0,1,100,D,3,D,12,D,,A,,A,,A,2,D,,A,03,D
20181,03652144,49,0,1,100,D,2,D,01,D,,A,,A,,A,2,D,,A,01,D
20181,03653574,43,0,1,110,D,2,D,01,D,,A,,A,,A,1,D,,A,02,D
20181,03653784,17,0,1,110,D,2,D,11,D,,A,,A,,A,2,D,,A,02,D
20181,03654544,43,0,1,100,D,3,D,12,D,,A,,A,,A,2,D,,A,01,D
20181,03654544,44,0,1,110,D,2,D,12,D,,A,,A,,A,2,D,,A,02,D
20181,03655174,31,0,1,110,D,1,D,01,D,700,D,,A,,A,2,D,,A,03,D
20181,03655564,33,0,1,110,D,6,D,01,D,,A,,A,,A,2,D,,A,01,D
20181,03655794,18,0,1,100,D,3,D,11,D,,A,,A,,A,2,D,,A,01,D
20181,03656444,28,0,1,100,D,1,D,11,D,2500,D,,A,,A,2,D,,A,02,D
20181,03656494,26,0,1,110,D,1,D,12,D,3500,D,,A,,A,2,D,,A,01,D
20181,03657004,20,0,1,110,D,1,D,11,D,1800,D,,A,,A,2,D,,A,01,D
20181,03657484,29,0,1,100,D,4,D,01,D,,A,1,D,,A,1,D,587,F,02,D
20181,03657554,15,0,1,110,D,6,D,12,D,,A,,A,,A,,C,,A,01,D
20181,03657824,19,0,1,100,D,2,D,01,D,,A,,A,,A,2,D,,A,01,D
20181,03658414,38,0,1,100,D,6,D,01,D,,A,,A,,A,,C,,A,02,D
20181,03658654,48,0,1,100,D,1,D,01,D,400,D,,A,,A,2,D,,A,03,D
20181,03658664,58,0,1,110,D,2,D,01,D,,A,,A,,A,1,D,3975,D,01,D
20181,03658734,23,0,2,100,D,6,D,11,D,,A,,A,,A,2,D,,A,01,D
20181,03658794,22,0,1,100,D,1,D,01,D,1000,F,,A,,A,2,D,,A,02,D
20181,03658914,42,0,1,180,D,6,D,12,D,,A,,A,,A,2,D,,A,07,D
20181,03659814,21,0,1,110,D,2,D,01,D,,A,,A,,A,2,D,,A,01,D
20181,03660184,24,0,1,110,D,1,D,01,D,3000,D,,A,,A,2,D,,A,01,D
20181,03660604,34,0,2,100,D,1,D,12,D,3000,D,,A,,A,2,D,,A,02,D
20181,03661424,27,0,1,100,D,2,D,01,D,,A,,A,,A,2,D,,A,01,D
20181,03661424,28,0,1,110,D,2,D,01,D,,A,,A,,A,2,D,,A,02,D
20181,03661514,27,0,2,100,D,1,D,12,D,300,D,,A,,A,2,D,,A,01,D
20181,03661814,34,0,1,100,D,1,D,02,D,175,F,,A,,A,2,D,,A,02,D
20181,03662354,68,0,1,100,D,3,D,12,D,,A,,A,,A,2,D,,A,04,D
20181,03663344,60,0,1,100,D,1,D,02,D,1900,D,,A,,A,2,D,,A,01,D
20181,03664414,32,0,1,110,D,2,D,12,D,,A,,A,,A,1,D,5782,D,03,D
20181,03664644,21,0,1,150,D,1,D,01,D,5000,D,,A,,A,2,D,,A,02,D
20181,03664644,22,0,1,200,D,2,D,02,D,,A,,A,,A,2,D,,A,03,D
20181,03664644,23,0,1,200,D,2,D,02,D,,A,,A,,A,2,D,,A,05,D
20181,03664804,28,0,1,100,D,2,D,02,D,,A,,A,,A,2,D,,A,03,D
20181,03665744,33,0,1,110,D,2,D,02,D,,A,,A,,A,2,D,,A,02,D
20181,03666624,32,0,1,100,D,6,D,02,D,,A,,A,,A,1,D,,A,03,D
20181,03667424,24,0,1,110,D,6,D,01,D,,A,,A,,A,2,D,,A,02,D
20181,03668794,24,0,1,100,D,4,D,02,D,,A,17500,D,,A,1,D,17500,D,04,D
20181,03669754,22,0,1,110,D,6,D,12,D,,A,,A,,A,2,D,,A,03,D
20181,03670474,14,0,1,100,D,3,D,12,D,,A,,A,,A,2,D,,A,01,D
20181,03692503,28,0,1,110,D,3,D,10,D,,A,,A,,A,2,D,,A,03,D
20181,03692503,29,0,1,100,D,,C,12,D,,A,,A,,A,2,D,,A,04,D
20181,03692873,50,0,1,150,D,1,D,10,D,1800,D,,A,,A,2,D,,A,08,D
20181,03692873,51,0,2,200,D,1,D,10,D,1800,D,,A,,A,2,D,,A,10,D
20181,03693063,44,0,1,110,D,2,D,11,D,,A,,A,,A,2,D,,A,02,D
20181,03693243,47,0,1,110,D,2,D,12,D,,A,,A,,A,2,D,,A,01,D
20181,03693293,30,0,1,110,D,6,D,11,D,,A,,A,,A,2,D,,A,02,D
20181,03693533,22,0,1,100,D,2,D,11,D,,A,,A,,A,2,D,,A,01,D
20181,03693613,26,0,1,100,D,1,D,10,D,1500,D,,A,,A,2,D,,A,01,D
20181,03693643,34,0,2,110,D,4,D,10,D,,A,,A,,A,2,D,,A,02,D
20181,03693763,19,0,1,110,D,4,D,12,D,,A,12000,D,,A,1,D,8500,D,02,D
20181,03694303,20,0,1,100,D,1,D,11,D,1600,D,,A,,A,2,D,,A,01,D
20181,03695103,13,0,1,110,D,2,D,12,D,,A,,A,,A,1,D,,A,01,D
20181,03695683,26,0,1,110,D,2,D,11,D,,A,,A,,A,2,D,,A,01,D
20181,03696793,52,0,1,100,D,1,D,11,D,500,D,,A,,A,2,D,,A,02,D
20181,03697173,19,0,1,200,D,3,D,11,D,,A,,A,,A,2,D,,A,02,D
20181,03697413,14,0,1,200,D,4,D,10,D,,A,,A,,A,2,D,,A,02,D
20181,03697623,75,0,1,110,D,1,D,12,D,1000,D,,A,,A,2,D,,A,03,D
20181,03697623,76,0,1,100,D,1,D,12,D,175,D,,A,,A,2,D,,A,04,D
20181,03697793,22,0,1,100,D,3,D,10,D,,A,,A,,A,2,D,,A,02,D
20181,03698563,17,0,1,100,D,3,D,11,D,,A,,A,,A,2,D,,A,02,D
20181,03699253,41,0,1,100,D,2,D,10,D,,A,,A,,A,2,D,,A,02,D
20181,03699683,53,0,1,110,D,1,D,10,D,7000,D,,A,,A,2,D,,A,01,D
20181,03699793,13,0,1,100,D,3,D,10,D,,A,,A,,A,2,D,,A,01,D
20181,03700033,41,0,1,120,D,2,D,11,D,,A,,A,,A,1,D,,A,03,D
20181,03700313,9,0,1,100,D,4,D,11,D,,A,,A,,A,2,D,,A,01,D
20181,03700333,17,0,2,110,D,2,D,10,D,,A,,A,,A,2,D,,A,01,D
20181,03701573,20,0,1,110,D,3,D,12,D,,A,,A,,A,2,D,,A,01,D
20181,03701573,21,0,1,110,D,3,D,11,D,,A,,A,,A,1,D,,A,03,D
20181,03701573,22,0,1,100,D,4,D,10,D,,A,,A,,A,2,D,,A,04,D
20181,03702353,32,0,1,110,D,1,D,10,D,4000,D,,A,,A,,C,,A,01,D
20181,03702583,42,0,1,110,D,2,D,12,D,,A,,A,,A,2,D,,A,01,D
20181,03713393,40,0,1,100,D,4,D,11,D,,A,,A,2700,D,2,D,,A,01,D
20181,03713393,41,0,1,110,D,4,D,01,D,,A,12100,D,,A,1,D,,A,03,D
20181,03713413,30,0,1,110,D,3,D,01,D,,A,,A,,A,2,D,,A,01,D
20181,03713693,42,0,1,110,D,3,D,12,D,,A,,A,,A,2,D,,A,04,D
20181,03713833,22,0,1,100,D,3,D,01,D,,A,,A,,A,2,D,,A,03,D
20181,03714853,16,0,1,110,D,3,D,12,D,,A,,A,,A,2,D,,A,02,D
20181,03714873,59,0,1,110,D,3,D,12,D,,A,,A,,A,2,D,,A,03,D
20181,03714883,36,0,1,110,D,1,D,11,D,800,D,,A,,A,2,D,,A,03,D
20181,03715253,10,0,1,110,D,2,D,11,D,,A,,A,,A,,C,,A,01,D
20181,03715293,29,0,1,100,D,3,D,11,D,,A,,A,,A,2,D,,A,02,D
20181,03715293,30,0,1,100,D,3,D,11,D,,A,,A,,A,2,D,,A,03,D
20181,03715493,47,0,1,110,D,2,D,12,D,,A,,A,,A,1,D,1400,D,02,D
20181,03715543,41,0,1,100,D,6,D,12,D,,A,,A,,A,1,D,,A,01,D
20181,03715543,42,0,1,100,D,1,D,11,D,1000,D,,A,,A,2,D,,A,02,D
20181,03716723,45,0,1,110,D,1,D,11,D,600,D,,A,,A,2,D,,A,03,D
20181,03716723,46,0,1,100,D,1,D,11,D,650,D,,A,,A,2,D,,A,04,D
20181,03716723,47,0,1,180,D,2,D,11,D,,A,,A,,A,2,D,,A,07,D
20181,03716833,44,0,1,100,D,1,D,11,D,7000,D,,A,,A,2,D,,A,01,D
20181,03718353,18,0,1,100,D,6,D,01,D,,A,,A,,A,2,D,,A,01,D
20181,03719263,22,0,1,100,D,1,D,11,D,800,D,,A,,A,2,D,,A,03,D
20181,03719553,35,0,1,100,D,1,D,12,D,100,D,,A,,A,2,D,,A,02,D
20181,03719553,36,0,1,100,D,1,D,11,D,40,D,,A,,A,2,D,,A,03,D
20181,03719563,23,0,1,100,D,2,D,11,D,,A,,A,,A,2,D,,A,01,D
20181,03719943,11,0,1,110,D,1,D,12,D,1775,D,,A,,A,2,D,,A,01,D
20181,03721053,27,0,1,110,D,3,D,12,D,,A,,A,,A,2,D,,A,02,D
20181,03721273,29,0,1,100,D,6,D,12,D,,A,,A,,A,2,D,,A,03,D
20181,03721303,39,0,1,110,D,2,D,11,D,,A,,A,,A,2,D,,A,03,D
20181,03721723,50,0,1,100,D,3,D,11,D,,A,,A,,A,2,D,,A,03,D
20181,03722623,30,0,1,100,D,2,D,11,D,,A,,A,,A,2,D,,A,01,D
20181,03723693,34,0,1,110,D,1,D,01,D,5000,D,,A,,A,2,D,,A,02,D
20181,03734143,32,0,2,100,D,1,D,12,D,600,D,,A,,A,2,D,,A,05,D
20181,03734343,58,0,1,100,D,2,D,01,D,,A,,A,,A,1,D,10100,D,01,D
20181,03734343,59,0,1,100,D,1,D,01,D,3000,D,,A,,A,2,D,,A,03,D
20181,03734443,21,0,1,100,D,2,D,02,D,,A,,A,,A,2,D,,A,01,D
20181,03734803,39,0,1,110,D,3,D,02,D,,A,,A,,A,2,D,,A,02,D
20181,03736193,48,0,1,110,D,2,D,02,D,,A,,A,,A,1,D,,A,04,D
20181,03736893,28,0,1,110,D,6,D,01,D,,A,,A,,A,2,D,,A,01,D
20181,03736893,29,0,1,110,D,6,D,01,D,,A,,A,,A,2,D,,A,02,D
20181,03737173,16,0,1,100,D,4,D,12,D,,A,1200,D,,A,2,D,,A,02,D
20181,03737303,21,0,1,100,D,3,D,02,D,,A,,A,,A,2,D,,A,02,D
20181,03737333,32,0,1,100,D,2,D,01,D,,A,,A,,A,2,D,,A,01,D
20181,03737743,31,0,1,100,D,1,D,02,D,3000,D,,A,,A,2,D,,A,01,D
20181,03737773,34,0,1,110,D,6,D,01,D,,A,,A,,A,2,D,,A,02,D
20181,03737953,9,0,1,110,D,4,D,02,D,,A,4600,D,,A,1,D,4600,D,02,D
20181,03738353,32,0,2,100,D,2,D,12,D,,A,,A,,A,2,D,,A,02,D
20181,03738513,18,0,2,100,D,2,D,12,D,,A,,A,,A,1,D,4900,F,01,D
20181,03738563,24,0,2,100,D,3,D,12,D,,A,,A,,A,2,D,,A,01,D
20181,03738843,12,0,1,110,D,6,D,02,D,,A,,A,,A,2,D,,A,01,D
20181,03738843,13,0,1,100,D,6,D,02,D,,A,,A,,A,2,D,,A,02,D
20181,03739183,64,0,1,110,D,2,D,02,D,,A,,A,,A,2,D,,A,02,D
20181,03739253,60,0,1,100,D,2,D,12,D,,A,,A,,A,2,D,,A,03,D
20181,03739753,29,0,1,110,D,1,D,02,D,13750,D,,A,,A,1,D,10000,D,02,D
20181,03740963,17,0,1,110,D,1,D,12,D,500,D,,A,,A,2,D,,A,05,D
20181,03741803,23,0,1,110,D,1,D,02,D,100,D,,A,,A,2,D,,A,01,D
20181,03741863,29,0,1,100,D,2,D,02,D,,A,,A,,A,2,D,,A,01,D
20181,03742073,51,0,1,100,D,1,D,12,D,2800,D,,A,,A,2,D,,A,03,D
20181,03742123,15,0,1,100,D,4,D,12,D,,A,,A,,A,2,D,,A,02,D
20181,03742383,17,0,1,110,D,1,D,02,D,100,D,,A,,A,2,D,,A,01,D
20181,03742833,20,0,1,100,D,2,D,01,D,,A,,A,,A,1,D,,A,01,D
20181,03744023,16,0,1,100,D,4,D,02,D,,A,,A,,A,2,D,,A,01,D
20181,03744523,45,0,2,100,D,2,D,12,D,,A,,A,,A,2,D,,A,02,D
20181,03744523,46,0,1,110,D,6,D,12,D,,A,,A,,A,2,D,,A,03,D
20181,03755402,27,0,1,110,D,2,D,11,D,,A,,A,,A,2,D,,A,11,D
20181,03755402,28,0,1,110,D,3,D,12,D,,A,,A,,A,2,D,,A,12,D
20181,03755922,40,0,1,100,D,6,D,11,D,,A,,A,,A,2,D,,A,02,D
20181,03756172,37,0,1,100,D,4,D,12,D,,A,4200,D,,A,2,D,,A,01,D
20181,03756202,24,0,1,110,D,4,D,12,D,,A,7120,D,,A,2,D,,A,01,D
20181,03756392,31,0,1,100,D,1,D,10,D,800,D,,A,,A,2,D,,A,04,D
20181,03757042,13,0,1,100,D,4,D,10,D,,A,4800,D,,A,2,D,,A,01,D
20181,03757252,45,0,1,110,D,1,D,10,D,10000,D,,A,,A,2,D,,A,03,D
20181,03757902,19,0,1,100,D,1,D,11,D,2500,D,,A,,A,2,D,,A,02,D
20181,03757942,40,0,1,100,D,2,D,10,D,,A,,A,,A,1,D,,A,05,D
20181,03758062,33,0,1,100,D,1,D,10,D,4000,D,,A,,A,2,D,,A,02,D
20181,03759042,51,0,1,110,D,1,D,12,D,500,D,,A,,A,2,D,,A,03,D
20181,03759232,37,0,1,100,D,2,D,11,D,,A,,A,,A,2,D,,A,02,D
20181,03759422,16,0,1,100,D,1,D,11,D,500,D,,A,,A,2,D,,A,01,D
20181,03760472,53,0,1,100,D,6,D,12,D,,A,,A,,A,2,D,,A,01,D
20181,03760472,54,0,1,110,D,6,D,12,D,,A,,A,,A,2,D,,A,02,D
20181,03760472,55,0,1,100,D,6,D,12,D,,A,,A,,A,2,D,,A,03,D
20181,03760472,56,0,1,100,D,6,D,12,D,,A,,A,,A,2,D,,A,04,D
20181,03760552,38,0,1,100,D,1,D,10,D,50,D,,A,,A,2,D,,A,02,D
20181,03760712,23,0,1,100,D,3,D,11,D,,A,,A,,A,2,D,,A,02,D
20181,03760992,35,0,1,110,D,4,D,11,D,,A,,A,4900,D,2,D,,A,02,D
20181,03761302,35,0,1,200,D,6,D,12,D,,A,,A,,A,2,D,,A,06,D
20181,03761382,35,0,1,110,D,3,D,10,D,,A,,A,,A,2,D,,A,04,D
20181,03762652,85,0,1,100,D,4,D,12,D,,A,1500,D,,A,2,D,,A,03,D
20181,03762922,13,0,1,100,D,1,D,12,D,500,D,,A,,A,2,D,,A,02,D
20181,03763152,55,0,1,110,D,1,D,11,D,2500,F,,A,,A,2,D,,A,05,D
20181,03763222,31,0,1,110,D,1,D,12,D,31000,D,,A,,A,1,D,32000,D,01,D
20181,03763354,47,0,1,100,D,1,D,10,D,1300,D,,A,,A,2,D,,A,03,D
20181,03763592,28,0,1,100,D,3,D,10,D,,A,,A,,A,2,D,,A,02,D
20181,03764192,27,0,1,100,D,1,D,11,D,400,D,,A,,A,2,D,,A,03,D
20181,03764202,27,0,1,100,D,1,D,12,D,300,D,,A,,A,2,D,,A,02,D
20181,03764202,28,0,1,100,D,3,D,12,D,,A,,A,,A,2,D,,A,03,D
20181,03776132,53,0,1,100,D,4,D,12,D,,A,,A,100,D,1,D,547,D,01,D
20181,03776342,34,0,1,100,D,3,D,01,D,,A,,A,,A,2,D,,A,02,D
20181,03776342,35,0,1,100,D,4,D,12,D,,A,5300,D,,A,2,D,,A,03,D
20181,03776602,28,0,1,110,D,1,D,01,D,1800,F,,A,,A,2,D,,A,03,D
20181,03776702,30,0,1,120,D,1,D,11,D,4000,D,,A,,A,2,D,,A,02,D
20181,03776742,35,0,1,100,D,1,D,12,D,1000,D,,A,,A,2,D,,A,02,D
20181,03777092,22,0,1,100,D,1,D,12,D,4500,F,,A,,A,2,D,,A,02,D
20181,03777802,28,0,1,110,D,1,D,12,D,100,D,,A,,A,2,D,,A,02,D
20181,03777962,31,0,1,100,D,2,D,11,D,,A,,A,,A,2,D,,A,02,D
20181,03778242,21,0,1,100,D,1,D,01,D,7000,D,,A,,A,2,D,,A,01,D
20181,03778542,51,0,1,110,D,2,D,11,D,,A,,A,,A,2,D,,A,03,D
20181,03778662,45,0,1,110,D,2,D,11,D,,A,,A,,A,2,D,,A,02,D
20181,03778782,21,0,1,110,D,6,D,11,D,,A,,A,,A,2,D,,A,03,D
20181,03778922,21,0,1,110,D,2,D,01,D,,A,,A,,A,2,D,,A,01,D
20181,03779022,23,0,1,110,D,4,D,01,D,,A,12900,D,,A,1,D,,A,02,D
20181,03779432,26,0,1,100,D,4,D,01,D,,A,,A,,A,2,D,,A,01,D
20181,03779692,49,0,1,100,D,3,D,11,D,,A,,A,,A,2,D,,A,02,D
20181,03779842,16,0,1,100,D,2,D,01,D,,A,,A,,A,2,D,,A,01,D
20181,03779852,21,0,1,110,D,4,D,01,D,,A,1700,D,,A,2,D,,A,01,D
20181,03780142,75,0,1,100,D,4,D,12,D,,A,3600,D,,A,2,D,,A,01,D
20181,03780192,47,0,1,100,D,4,D,01,D,,A,14200,D,,A,2,D,,A,01,D
20181,03780412,15,0,1,100,D,1,D,11,D,500,D,,A,,A,2,D,,A,01,D
20181,03780622,72,0,1,110,D,2,D,11,D,,A,,A,,A,2,D,,A,03,D
20181,03780672,24,0,1,110,D,6,D,01,D,,A,,A,,A,2,D,,A,01,D
20181,03780672,25,0,1,100,D,6,D,01,D,,A,,A,,A,2,D,,A,03,D
20181,03781253,47,0,1,110,D,1,D,01,D,300,D,,A,,A,2,D,,A,02,D
20181,03781672,29,0,1,110,D,2,D,12,D,,A,,A,,A,1,D,18000,D,02,D
20181,03781922,11,0,1,100,D,4,D,11,D,,A,3000,D,,A,1,D,587,D,01,D
20181,03782522,34,0,1,200,D,1,D,12,D,6500,F,,A,,A,2,D,,A,03,D
20181,03782582,13,0,1,110,D,1,D,12,D,1000,D,,A,,A,2,D,,A,02,D
20181,03782692,66,0,1,110,D,1,D,11,D,23500,D,,A,,A,2,D,,A,04,D
20181,03783012,10,0,1,100,D,1,D,12,D,1600,F,,A,,A,2,D,,A,01,D
20181,03783512,12,0,1,110,D,6,D,01,D,,A,,A,,A,1,D,,A,02,D
20181,03783532,10,0,1,110,D,2,D,01,D,,A,,A,,A,2,D,,A,01,D
20181,03783552,27,0,1,100,D,6,D,01,D,,A,,A,,A,2,D,,A,02,D
20181,03784422,30,0,1,100,D,3,D,11,D,,A,,A,,A,2,D,,A,03,D
20181,03784812,12,0,1,110,D,3,D,11,D,,A,,A,,A,2,D,,A,01,D
20181,03784932,39,0,1,100,D,1,D,11,D,400,D,,A,,A,2,D,,A,02,D
20181,03785372,64,0,1,110,D,2,D,01,D,,A,,A,,A,1,D,,A,02,D
20181,03785472,48,0,1,110,D,1,D,01,D,1500,D,,A,,A,2,D,,A,02,D
20181,03785592,27,0,1,110,D,1,D,01,D,2400,D,,A,,A,2,D,,A,01,D
20181,03785782,30,0,1,100,D,6,D,11,D,,A,,A,,A,2,D,,A,01,D
20181,03786122,12,0,1,100,D,4,D,01,D,,A,4500,D,,A,1,D,4488,D,01,D
20181,03786132,19,0,1,120,D,1,D,01,D,500,D,,A,,A,2,D,,A,03,D
20181,03786634,32,0,1,100,D,1,D,01,D,11,D,,A,,A,1,D,4900,D,02,D
20181,03786762,27,0,1,110,D,2,D,01,D,,A,,A,,A,2,D,,A,02,D
20181,03797692,13,0,1,110,D,3,D,12,D,,A,,A,,A,2,D,,A,01,D
20181,03797702,8,0,1,100,D,6,D,12,D,,A,,A,,A,2,D,,A,01,D
20181,03798042,27,0,1,100,D,2,D,12,D,,A,,A,,A,2,D,,A,01,D
20181,03798122,26,0,1,110,D,2,D,12,D,,A,,A,,A,2,D,,A,04,D
20181,03798862,16,0,1,100,D,4,D,01,D,,A,15000,D,,A,1,D,15000,D,04,D
20181,03799252,50,0,1,180,D,6,D,12,D,,A,,A,,A,,C,,A,07,D
20181,03799522,19,0,1,110,D,6,D,12,D,,A,,A,,A,2,D,,A,02,D
20181,03799632,35,0,1,110,D,1,D,12,D,1500,D,,A,,A,2,D,,A,03,D
20181,03799992,40,0,1,100,D,3,D,12,D,,A,,A,,A,2,D,,A,04,D
20181,03800622,16,0,1,100,D,1,D,12,D,1000,D,,A,,A,2,D,,A,01,D
20181,03800622,17,0,1,100,D,1,D,12,D,500,D,,A,,A,2,D,,A,02,D
20181,03801343,43,0,1,100,D,1,D,02,D,300,D,,A,,A,2,D,,A,01,D
20181,03801662,21,0,1,110,D,6,D,02,D,,A,,A,,A,2,D,,A,01,D
20181,03801662,22,0,1,100,D,1,D,02,D,2000,D,,A,,A,2,D,,A,02,D
20181,03801882,36,0,1,100,D,2,D,02,D,,A,,A,,A,2,D,,A,02,D
20181,03802112,25,0,1,100,D,1,D,12,D,125,D,,A,,A,2,D,,A,02,D
20181,03802322,24,0,1,100,D,4,D,12,D,,A,15000,F,,A,2,D,,A,01,D
20181,03802332,50,0,1,110,D,1,D,01,D,400,D,,A,,A,2,D,,A,07,D
20181,03802862,21,0,1,100,D,3,D,02,D,,A,,A,,A,2,D,,A,01,D
20181,03802882,84,0,1,100,D,1,D,12,D,5800,D,,A,,A,2,D,,A,06,D
20181,03803292,17,0,1,110,D,2,D,12,D,,A,,A,,A,2,D,,A,01,D
20181,03803522,52,0,1,150,D,1,D,12,D,1000,D,,A,,A,2,D,,A,05,D
20181,03803652,10,0,1,110,D,6,D,12,D,,A,,A,,A,2,D,,A,01,D
20181,03803712,74,0,1,110,D,2,D,01,D,,A,,A,,A,2,D,,A,02,D
20181,03803712,75,0,1,110,D,3,D,12,D,,A,,A,,A,2,D,,A,05,D
20181,03804072,11,0,1,100,D,2,D,01,D,,A,,A,,A,2,D,,A,01,D
20181,03804282,58,0,1,110,D,1,D,02,D,1000,D,,A,,A,2,D,,A,01,D
20181,03804972,47,0,1,100,D,1,D,12,D,12000,D,,A,,A,2,D,,A,03,D
20181,03805082,27,0,1,110,D,,C,01,D,,A,,A,,A,,C,,A,02,D
20181,03805582,37,0,1,100,D,6,D,02,D,,A,,A,,A,2,D,,A,04,D
20181,03806162,21,0,1,100,D,4,D,12,D,,A,,A,,A,2,D,,A,02,D
20181,03806182,35,0,1,170,D,6,D,12,D,,A,,A,,A,2,D,,A,03,D
20181,03806732,27,0,1,110,D,1,D,01,D,35000,D,,A,,A,1,D,42000,D,01,D
20181,03807012,20,0,1,100,D,6,D,01,D,,A,,A,,A,1,D,,A,01,D
20181,03807252,58,0,1,110,D,1,D,01,D,6200,D,,A,,A,2,D,,A,04,D
20181,03807502,57,0,1,100,D,1,D,12,D,900,D,,A,,A,2,D,,A,06,D
20181,03807672,26,0,1,110,D,2,D,01,D,,A,,A,,A,2,D,,A,03,D
20181,03807852,11,0,1,100,D,3,D,01,D,,A,,A,,A,2,D,,A,01,D
20181,03819271,19,0,1,100,D,3,D,11,D,,A,,A,,A,2,D,,A,04,D
20181,03819471,15,0,1,110,D,1,D,12,D,11000,D,,A,,A,2,D,,A,03,D
20181,03820511,29,0,1,100,D,2,D,12,D,,A,,A,,A,2,D,,A,02,D
20181,03820591,29,0,1,110,D,1,D,10,D,2500,D,,A,,A,1,D,,A,03,D
20181,03821631,28,0,1,110,D,1,D,11,D,2500,D,,A,,A,2,D,,A,01,D
20181,03822991,31,0,1,110,D,1,D,10,D,1,D,,A,,A,2,D,,A,03,D
20181,03823171,18,0,1,110,D,1,D,11,D,27500,D,,A,,A,2,D,,A,04,D
20181,03823294,36,0,1,100,D,4,D,12,D,,A,3100,D,,A,2,D,,A,03,D
20181,03824861,28,0,1,150,D,1,D,11,D,700,D,,A,,A,2,D,,A,03,D
20181,03825071,57,0,1,110,D,2,D,10,D,,A,,A,,A,2,D,,A,05,D
20181,03825221,26,0,1,100,D,3,D,12,D,,A,,A,,A,2,D,,A,04,D
20181,03825631,37,0,1,100,D,3,D,10,D,,A,,A,,A,2,D,,A,01,D
20181,03827271,66,0,1,100,D,4,D,10,D,,A,20000,D,,A,1,D,20000,D,05,D
20181,03839741,24,0,1,100,D,2,D,11,D,,A,,A,,A,2,D,,A,02,D
20181,03840141,26,0,1,110,D,1,D,12,D,500,D,,A,,A,2,D,,A,02,D
20181,03842071,88,0,1,200,D,1,D,01,D,6500,D,,A,,A,2,D,,A,08,D
20181,03842111,30,0,1,110,D,2,D,01,D,,A,,A,,A,2,D,,A,05,D
20181,03844634,31,0,1,100,D,4,D,12,D,,A,,A,,A,2,D,,A,02,D
20181,03845031,19,0,1,100,D,2,D,11,D,,A,,A,,A,2,D,,A,02,D
20181,03846141,19,0,1,110,D,1,D,11,D,3500,D,,A,,A,2,D,,A,03,D
20181,03846441,40,0,1,100,D,4,D,11,D,,A,,A,,A,2,D,,A,07,D
20181,03849881,42,0,1,110,D,2,D,12,D,,A,,A,,A,2,D,,A,03,D
20181,03850511,35,0,1,100,D,3,D,12,D,,A,,A,,A,2,D,,A,03,D
20181,03857441,11,0,1,100,D,1,D,02,D,2018,D,,A,,A,2,D,,A,02,D
20181,03860011,20,0,1,110,D,2,D,02,D,,A,,A,,A,2,D,,A,03,D
20181,03860391,13,0,1,200,D,2,D,02,D,,A,,A,,A,2,D,,A,01,D
20182,03692944,21,0,1,110,D,2,D,03,D,,A,,A,,A,1,D,,A,01,D
20182,03693354,68,0,1,100,D,4,D,01,D,,A,2825,D,,A,2,D,,A,03,D
20182,03693354,69,0,1,100,D,4,D,02,D,,A,2100,D,,A,2,D,,A,09,D
20182,03694224,16,0,1,110,D,3,D,03,D,,A,,A,,A,2,D,,A,02,D
20182,03694544,28,0,1,110,D,1,D,02,D,2500,D,,A,,A,2,D,,A,01,D
20182,03694554,25,0,1,110,D,3,D,03,D,,A,,A,,A,2,D,,A,02,D
20182,03694554,26,0,1,100,D,3,D,02,D,,A,,A,,A,2,D,,A,04,D
20182,03694874,22,0,1,110,D,1,D,02,D,12500,F,,A,,A,2,D,,A,01,D
20182,03694884,36,0,1,110,D,6,D,01,D,,A,,A,,A,2,D,,A,06,D
20182,03694894,18,0,2,110,D,1,D,01,D,21000,D,,A,,A,2,D,,A,02,D
20182,03694974,28,0,2,200,D,6,D,01,D,,A,,A,,A,2,D,,A,02,D
20182,03695064,15,0,1,110,D,1,D,01,D,900,D,,A,,A,2,D,,A,04,D
20182,03695104,22,0,1,110,D,4,D,03,D,,A,,A,,A,1,D,13980,D,02,D
20182,03695604,15,0,1,150,D,6,D,01,D,,A,,A,,A,2,D,,A,03,D
20182,03697014,23,0,1,100,D,6,D,03,D,,A,,A,,A,1,D,,A,02,D
20182,03697014,24,0,1,100,D,6,D,03,D,,A,,A,,A,2,D,,A,03,D
20182,03697134,10,0,1,110,D,3,D,02,D,,A,,A,,A,2,D,,A,01,D
20182,03697454,17,0,1,100,D,2,D,01,D,,A,,A,,A,2,D,,A,01,D
20182,03698504,18,0,1,100,D,6,D,02,D,,A,,A,,A,,C,,A,01,D
20182,03698534,21,0,1,100,D,1,D,02,D,700,D,,A,,A,2,D,,A,01,D
20182,03698574,22,0,2,110,D,2,D,01,D,,A,,A,,A,1,D,,A,01,D
20182,03698594,27,0,1,110,D,2,D,03,D,,A,,A,,A,2,D,,A,02,D
20182,03698894,17,0,1,110,D,1,D,02,D,,B,,A,,A,1,D,,B,01,D
20182,03699254,46,0,2,110,D,1,D,01,D,4500,D,,A,,A,2,D,,A,03,D
20182,03699624,22,0,1,100,D,4,D,03,D,,A,,A,2600,D,2,D,,A,01,D
20182,03699754,17,0,1,110,D,1,D,02,D,1600,D,,A,,A,2,D,,A,03,D
20182,03699914,59,0,1,100,D,4,D,01,D,,A,13300,D,,A,2,D,,A,01,D
20182,03700044,28,0,1,110,D,1,D,01,D,150,D,,A,,A,2,D,,A,01,D
20182,03700374,52,0,1,110,D,2,D,03,D,,A,,A,,A,2,D,,A,04,D
20182,03700444,62,0,1,100,D,1,D,03,D,5500,D,,A,,A,2,D,,A,03,D
20182,03700454,15,0,1,110,D,1,D,03,D,550,D,,A,,A,2,D,,A,01,D
20182,03700794,44,0,1,120,D,2,D,03,D,,A,,A,,A,2,D,,A,05,D
20182,03700824,30,0,1,100,D,3,D,03,D,,A,,A,,A,2,D,,A,03,D
20182,03701574,19,0,1,110,D,2,D,02,D,,A,,A,,A,2,D,,A,02,D
20182,03701894,11,0,1,100,D,6,D,02,D,,A,,A,,A,1,D,,A,01,D
20182,03702404,22,0,1,100,D,4,D,02,D,,A,2400,D,,A,2,D,,A,01,D
20182,03702484,17,0,1,110,D,4,D,03,D,,A,3700,D,,A,2,D,,A,02,D
20182,03713514,13,0,1,110,D,3,D,04,D,,A,,A,,A,2,D,,A,01,D
20182,03713694,43,0,1,150,D,1,D,04,D,1400,D,,A,,A,2,D,,A,08,D
20182,03714134,9,0,1,110,D,2,D,04,D,,A,,A,,A,2,D,,A,01,D
20182,03714134,10,0,1,170,D,3,D,02,D,,A,,A,,A,2,D,,A,02,D
20182,03714374,30,0,1,200,D,,C,02,D,,A,,A,,A,2,D,,A,05,D
20182,03714704,18,0,1,100,D,4,D,03,D,,A,1160,D,,A,2,D,,A,01,D
20182,03714874,45,0,1,110,D,1,D,03,D,1500,D,,A,,A,2,D,,A,01,D
20182,03715254,11,0,1,150,D,1,D,03,D,800,F,,A,,A,2,D,,A,02,D
20182,03715484,27,0,1,110,D,2,D,03,D,,A,,A,,A,2,D,,A,01,D
20182,03715554,58,0,1,110,D,4,D,04,D,,A,5000,D,,A,2,D,,A,02,D
20182,03716234,20,0,1,110,D,2,D,03,D,,A,,A,,A,1,D,,A,01,D
20182,03716464,25,0,1,110,D,2,D,04,D,,A,,A,,A,2,D,,A,01,D
20182,03716964,37,0,1,100,D,4,D,02,D,,A,2500,D,,A,2,D,,A,01,D
20182,03717044,37,0,1,110,D,4,D,04,D,,A,300,D,,A,2,D,,A,03,D
20182,03718384,36,0,1,100,D,2,D,04,D,,A,,A,,A,2,D,,A,02,D
20182,03718514,39,0,1,100,D,1,D,02,D,4500,D,,A,,A,2,D,,A,04,D
20182,03718754,29,0,1,110,D,1,D,04,D,3800,D,,A,,A,2,D,,A,01,D
20182,03719084,33,0,1,110,D,2,D,02,D,,A,,A,,A,1,D,5000,D,02,D
20182,03719084,34,0,1,110,D,1,D,04,D,600,D,,A,,A,2,D,,A,03,D
20182,03719834,21,0,1,110,D,6,D,04,D,,A,,A,,A,2,D,,A,03,D
20182,03720894,27,0,1,110,D,1,D,03,D,1600,F,,A,,A,2,D,,A,03,D
20182,03721054,26,0,1,100,D,4,D,02,D,,A,,A,,A,2,D,,A,03,D
20182,03721064,27,0,2,170,D,6,D,02,D,,A,,A,,A,2,D,,A,03,D
20182,03721264,82,0,1,100,D,3,D,02,D,,A,,A,,A,2,D,,A,02,D
20182,03721664,31,0,1,100,D,1,D,03,D,1500,D,,A,,A,2,D,,A,03,D
20182,03721754,20,0,2,110,D,2,D,02,D,,A,,A,,A,2,D,,A,01,D
20182,03721774,16,0,1,100,D,6,D,02,D,,A,,A,,A,1,D,,A,01,D
20182,03722684,18,0,1,100,D,3,D,04,D,,A,,A,,A,2,D,,A,01,D
20182,03722684,19,0,1,110,D,3,D,04,D,,A,,A,,A,2,D,,A,03,D
20182,03723154,33,0,1,100,D,3,D,03,D,,A,,A,,A,2,D,,A,02,D
20182,03723414,29,0,2,110,D,2,D,02,D,,A,,A,,A,2,D,,A,03,D
20182,03734564,18,0,1,100,D,2,D,04,D,,A,,A,,A,2,D,,A,02,D
20182,03734864,26,0,1,110,D,6,D,05,D,,A,,A,,A,2,D,,A,02,D
20182,03734984,29,0,1,110,D,2,D,04,D,,A,,A,,A,,C,,A,02,D
20182,03735884,24,0,1,110,D,2,D,03,D,,A,,A,,A,2,D,,A,01,D
20182,03735994,27,0,1,110,D,1,D,03,D,3300,D,,A,,A,2,D,,A,01,D
20182,03736434,40,0,1,110,D,4,D,05,D,,A,,A,,A,2,D,,A,01,D
20182,03736854,16,0,1,100,D,3,D,04,D,,A,,A,,A,2,D,,A,02,D
20182,03737054,13,0,2,160,D,1,D,03,D,3000,D,,A,,A,2,D,,A,03,D
20182,03737284,29,0,1,110,D,1,D,04,D,1500,D,,A,,A,2,D,,A,01,D
20182,03737854,33,0,1,110,D,1,D,05,D,12500,D,,A,,A,2,D,,A,03,D
20182,03737884,25,0,2,110,D,1,D,03,D,9000,D,,A,,A,2,D,,A,02,D
20182,03737894,15,0,1,100,D,3,D,04,D,,A,,A,,A,2,D,,A,01,D
20182,03737954,15,0,1,110,D,4,D,03,D,,A,6800,D,,A,1,D,4800,D,02,D
20182,03738064,14,0,1,100,D,6,D,04,D,,A,,A,,A,2,D,,A,01,D
20182,03738494,36,0,1,100,D,3,D,03,D,,A,,A,,A,2,D,,A,02,D
20182,03738504,16,0,1,100,D,6,D,03,D,,A,,A,,A,1,D,100,D,01,D
20182,03738584,8,0,1,110,D,6,D,03,D,,A,,A,,A,2,D,,A,01,D
20182,03739184,56,0,2,130,D,1,D,03,D,7250,D,,A,,A,1,D,6400,D,06,D
20182,03739304,19,0,1,110,D,1,D,04,D,800,D,,A,,A,2,D,,A,02,D
20182,03739354,35,0,1,100,D,2,D,05,D,,A,,A,,A,2,D,,A,01,D
20182,03739924,47,0,1,170,D,1,D,05,D,3500,D,,A,,A,2,D,,A,05,D
20182,03740324,24,0,1,100,D,4,D,03,D,,A,2900,D,,A,2,D,,A,02,D
20182,03740724,32,0,1,110,D,2,D,05,D,,A,,A,,A,2,D,,A,01,D
20182,03740964,22,0,1,110,D,2,D,04,D,,A,,A,,A,2,D,,A,06,D
20182,03741114,16,0,1,110,D,1,D,05,D,1200,D,,A,,A,2,D,,A,01,D
20182,03742204,35,0,1,110,D,2,D,04,D,,A,,A,,A,1,D,,A,02,D
20182,03742264,40,0,1,110,D,4,D,03,D,,A,10137,D,,A,2,D,,A,01,D
20182,03743764,20,0,1,110,D,2,D,03,D,,A,,A,,A,2,D,,A,01,D
20182,03743804,32,0,1,110,D,1,D,04,D,21000,F,,A,,A,2,D,,A,01,D
20182,03743864,32,0,1,110,D,2,D,04,D,,A,,A,,A,2,D,,A,01,D
20182,03744224,14,0,1,110,D,3,D,04,D,,A,,A,,A,2,D,,A,01,D
20182,03755263,15,0,1,110,D,6,D,03,D,,A,,A,,A,1,D,,A,01,D
20182,03755403,40,0,1,110,D,1,D,02,D,9000,F,,A,,A,,C,,A,04,D
20182,03755643,25,0,1,110,D,2,D,01,D,,A,,A,,A,1,D,,A,01,D
20182,03755803,37,0,1,100,D,6,D,02,D,,A,,A,,A,2,D,,A,05,D
20182,03756003,11,0,1,100,D,4,D,01,D,,A,,A,,A,2,D,,A,01,D
20182,03756643,26,0,1,110,D,6,D,01,D,,A,,A,,A,2,D,,A,03,D
20182,03756643,27,0,1,100,D,6,D,03,D,,A,,A,,A,2,D,,A,04,D
20182,03756653,32,0,1,110,D,3,D,02,D,,A,,A,,A,2,D,,A,02,D
20182,03757053,18,0,1,110,D,6,D,01,D,,A,,A,,A,2,D,,A,01,D
20182,03757513,26,0,1,110,D,6,D,03,D,,A,,A,,A,2,D,,A,01,D
20182,03757513,27,0,1,100,D,3,D,02,D,,A,,A,,A,2,D,,A,02,D
20182,03757593,30,0,1,100,D,2,D,01,D,,A,,A,,A,2,D,,A,01,D
20182,03757853,39,0,1,100,D,3,D,01,D,,A,,A,,A,2,D,,A,04,D
20182,03758783,56,0,1,110,D,3,D,02,D,,A,,A,,A,2,D,,A,02,D
20182,03759293,18,0,1,110,D,2,D,03,D,,A,,A,,A,2,D,,A,01,D
20182,03759663,29,0,1,100,D,3,D,02,D,,A,,A,,A,2,D,,A,01,D
20182,03760153,24,0,2,110,D,1,D,01,D,4000,D,,A,,A,2,D,,A,02,D
20182,03760323,31,0,1,100,D,1,D,02,D,7000,F,,A,,A,2,D,,A,04,D
20182,03760873,47,0,1,170,D,3,D,02,D,,A,,A,,A,2,D,,A,09,D
20182,03760873,48,0,1,180,D,1,D,02,D,200,D,,A,,A,2,D,,A,11,D
20182,03761093,48,0,1,100,D,1,D,01,D,4000,D,,A,,A,2,D,,A,02,D
20182,03761563,12,0,1,110,D,2,D,03,D,,A,,A,,A,1,D,3200,D,01,D
20182,03762743,24,0,1,100,D,3,D,01,D,,A,,A,,A,2,D,,A,03,D
20182,03762883,21,0,2,110,D,2,D,01,D,,A,,A,,A,1,D,1500,D,01,D
20182,03763003,16,0,2,110,D,1,D,01,D,3000,D,,A,,A,2,D,,A,01,D
20182,03763323,26,0,1,100,D,4,D,01,D,,A,,A,,A,2,D,,A,01,D
20182,03763323,27,0,1,100,D,1,D,03,D,1000,D,,A,,A,2,D,,A,02,D
20182,03763593,18,0,1,160,D,3,D,03,D,,A,,A,,A,2,D,,A,03,D
20182,03763593,19,0,2,100,D,3,D,01,D,,A,,A,,A,2,D,,A,04,D
20182,03763833,32,0,2,110,D,6,D,01,D,,A,,A,,A,2,D,,A,01,D
20182,03763933,16,0,1,100,D,6,D,01,D,,A,,A,,A,2,D,,A,02,D
20182,03764043,41,0,1,200,D,3,D,02,D,,A,,A,,A,2,D,,A,02,D
20182,03764443,18,0,1,110,D,3,D,01,D,,A,,A,,A,2,D,,A,02,D
20182,03764593,20,0,1,100,D,1,D,03,D,3500,D,,A,,A,2,D,,A,01,D
20182,03764873,16,0,1,100,D,6,D,02,D,,A,,A,,A,2,D,,A,01,D
20182,03764993,10,0,1,100,D,6,D,03,D,,A,,A,,A,2,D,,A,01,D
20182,03765233,24,0,1,100,D,3,D,01,D,,A,,A,,A,2,D,,A,02,D
20182,03766033,25,0,1,110,D,2,D,03,D,,A,,A,,A,2,D,,A,01,D
20182,03776133,43,0,1,110,D,6,D,04,D,,A,,A,,A,1,D,,A,03,D
20182,03776343,36,0,1,100,D,6,D,03,D,,A,,A,,A,2,D,,A,05,D
20182,03776513,10,0,1,110,D,6,D,03,D,,A,,A,,A,1,D,,A,01,D
20182,03776883,42,0,1,110,D,3,D,02,D,,A,,A,,A,2,D,,A,01,D
20182,03776883,43,0,1,110,D,6,D,02,D,,A,,A,,A,2,D,,A,03,D
20182,03776883,44,0,1,100,D,6,D,04,D,,A,,A,,A,,C,,A,04,D
20182,03776883,45,0,1,100,D,3,D,02,D,,A,,A,,A,2,D,,A,05,D
20182,03776883,46,0,1,130,D,3,D,02,D,,A,,A,,A,2,D,,A,06,D
20182,03777093,34,0,1,100,D,6,D,02,D,,A,,A,,A,2,D,,A,01,D
20182,03778693,17,0,1,100,D,3,D,03,D,,A,,A,,A,2,D,,A,02,D
20182,03778713,12,0,1,100,D,6,D,03,D,,A,,A,,A,2,D,,A,01,D
20182,03778783,23,0,1,110,D,4,D,03,D,,A,14000,D,,A,2,D,,A,02,D
20182,03779353,37,0,1,110,D,1,D,04,D,500,D,,A,,A,2,D,,A,04,D
20182,03779503,5,0,1,110,D,,C,02,D,,A,,A,,A,,C,,A,01,D
20182,03779983,29,0,1,110,D,2,D,02,D,,A,,A,,A,2,D,,A,02,D
20182,03781254,47,0,1,100,D,1,D,02,D,2000,D,,A,,A,1,D,1800,D,03,D
20182,03781254,48,0,1,100,D,1,D,03,D,500,D,,A,,A,2,D,,A,05,D
20182,03781653,19,0,1,100,D,3,D,02,D,,A,,A,,A,2,D,,A,01,D
20182,03781823,19,0,1,110,D,2,D,04,D,,A,,A,,A,1,D,,A,01,D
20182,03781973,40,0,1,110,D,1,D,02,D,2400,D,,A,,A,2,D,,A,04,D
20182,03783023,30,0,1,110,D,1,D,02,D,1600,D,,A,,A,2,D,,A,01,D
20182,03783063,14,0,1,100,D,6,D,03,D,,A,,A,,A,2,D,,A,01,D
20182,03784423,33,0,1,100,D,3,D,04,D,,A,,A,,A,2,D,,A,01,D
20182,03785373,47,0,1,130,D,1,D,03,D,20000,D,,A,,A,1,D,20000,D,03,D
20182,03785593,18,0,1,110,D,1,D,04,D,6500,D,,A,,A,2,D,,A,02,D
20182,03785663,43,0,1,110,D,1,D,02,D,300,D,,A,,A,2,D,,A,01,D
20182,03785783,35,0,1,100,D,1,D,03,D,600,D,,A,,A,2,D,,A,03,D
20182,03785853,34,0,1,110,D,1,D,04,D,500,D,,A,,A,2,D,,A,04,D
20182,03786123,13,0,1,100,D,4,D,03,D,,A,1160,F,,A,2,D,,A,03,D
20182,03786213,25,0,1,110,D,4,D,02,D,,A,,A,,A,2,D,,A,01,D
20182,03797453,34,0,1,110,D,2,D,05,D,,A,,A,,A,2,D,,A,01,D
20182,03798233,37,0,1,110,D,1,D,04,D,4000,D,,A,,A,2,D,,A,01,D
20182,03798673,19,0,1,100,D,2,D,05,D,,A,,A,,A,1,D,4000,D,01,D
20182,03798863,23,0,1,100,D,4,D,04,D,,A,2400,F,,A,1,D,,A,04,D
20182,03799523,27,0,1,110,D,1,D,03,D,350,D,,A,,A,2,D,,A,01,D
20182,03799523,28,0,1,110,D,1,D,04,D,3000,D,,A,,A,2,D,,A,03,D
20182,03799523,29,0,1,100,D,1,D,04,D,1700,D,,A,,A,2,D,,A,04,D
20182,03799693,20,0,1,100,D,2,D,05,D,,A,,A,,A,1,D,6000,D,01,D
20182,03800993,74,0,1,110,D,2,D,03,D,,A,,A,,A,2,D,,A,02,D
20182,03801513,14,0,2,100,D,2,D,03,D,,A,,A,,A,2,D,,A,01,D
20182,03801723,24,0,1,110,D,2,D,05,D,,A,,A,,A,2,D,,A,01,D
20182,03802243,40,0,1,110,D,4,D,04,D,,A,,A,,A,2,D,,A,01,D
20182,03802633,11,0,1,110,D,4,D,04,D,,A,,A,,A,2,D,,A,01,D
20182,03802753,25,0,1,110,D,2,D,04,D,,A,,A,,A,2,D,,A,01,D
20182,03802883,79,0,1,150,D,1,D,03,D,6000,D,,A,,A,2,D,,A,03,D
20182,03802883,80,0,1,150,D,1,D,03,D,12000,D,,A,,A,2,D,,A,04,D
20182,03803083,21,0,2,110,D,6,D,03,D,,A,,A,,A,2,D,,A,01,D
20182,03803523,35,0,1,150,D,2,D,05,D,,A,,A,,A,2,D,,A,04,D
20182,03804053,33,0,1,100,D,2,D,03,D,,A,,A,,A,1,D,35000,D,02,D
20182,03804243,29,0,2,100,D,1,D,03,D,550,D,,A,,A,2,D,,A,01,D
20182,03804283,57,0,1,150,D,1,D,05,D,50,D,,A,,A,2,D,,A,03,D
20182,03804593,37,0,1,100,D,4,D,05,D,,A,,A,,A,2,D,,A,01,D
20182,03804603,34,0,1,110,D,2,D,03,D,,A,,A,,A,1,D,,A,02,D
20182,03804853,29,0,2,110,D,6,D,03,D,,A,,A,,A,2,D,,A,02,D
20182,03805023,16,0,1,100,D,3,D,03,D,,A,,A,,A,1,D,,A,02,D
20182,03805853,40,0,1,110,D,2,D,04,D,,A,,A,,A,1,D,4800,D,02,D
20182,03805923,23,0,1,110,D,4,D,04,D,,A,6800,F,,A,1,D,4800,F,01,D
20182,03806733,40,0,1,110,D,2,D,05,D,,A,,A,,A,1,D,28000,D,02,D
20182,03807103,9,0,1,100,D,6,D,03,D,,A,,A,,A,2,D,,A,01,D
20182,03807123,30,0,2,110,D,2,D,03,D,,A,,A,,A,1,D,,A,02,D
20182,03807163,12,0,1,100,D,6,D,05,D,,A,,A,,A,2,D,,A,01,D
20182,03807503,54,0,1,100,D,1,D,03,D,1,D,,A,,A,2,D,,A,03,D
20182,03807663,37,0,1,100,D,3,D,03,D,,A,,A,,A,2,D,,A,01,D
20182,03807693,13,0,2,100,D,3,D,03,D,,A,,A,,A,2,D,,A,01,D
20182,03808303,25,0,1,100,D,2,D,05,D,,A,,A,,A,2,D,,A,02,D
20182,03818592,20,0,1,110,D,4,D,03,D,,A,5700,D,,A,2,D,,A,02,D
20182,03819272,35,0,1,100,D,3,D,01,D,,A,,A,,A,2,D,,A,02,D
20182,03819272,36,0,1,100,D,6,D,01,D,,A,,A,,A,2,D,,A,04,D
20182,03819392,18,0,1,110,D,2,D,01,D,,A,,A,,A,1,D,1955,D,02,D
20182,03819472,19,0,1,110,D,1,D,01,D,800,F,,A,,A,2,D,,A,03,D
20182,03819582,69,0,1,100,D,1,D,01,D,7000,D,,A,,A,2,D,,A,01,D
20182,03819582,70,0,1,110,D,2,D,01,D,,A,,A,,A,2,D,,A,03,D
20182,03820592,26,0,1,100,D,6,D,01,D,,A,,A,,A,2,D,,A,02,D
20182,03820592,27,0,1,110,D,1,D,01,D,2500,D,,A,,A,2,D,,A,03,D
20182,03821632,19,0,1,110,D,1,D,03,D,1100,D,,A,,A,2,D,,A,01,D
20182,03821722,27,0,1,100,D,2,D,02,D,,A,,A,,A,1,D,,A,01,D
20182,03821922,28,0,1,110,D,1,D,02,D,100,D,,A,,A,2,D,,A,01,D
20182,03821952,27,0,1,100,D,2,D,03,D,,A,,A,,A,2,D,,A,02,D
20182,03822992,35,0,1,110,D,3,D,01,D,,A,,A,,A,2,D,,A,03,D
20182,03823012,26,0,1,100,D,4,D,01,D,,A,,A,,A,1,D,4000,F,03,D
20182,03823172,23,0,1,110,D,1,D,03,D,28000,D,,A,,A,2,D,,A,04,D
20182,03823182,34,0,1,200,D,3,D,01,D,,A,,A,,A,2,D,,A,03,D
20182,03823382,20,0,1,110,D,4,D,01,D,,A,,A,,A,2,D,,A,02,D
20182,03824392,22,0,1,110,D,1,D,02,D,1000,D,,A,,A,2,D,,A,02,D
20182,03825072,48,0,1,110,D,6,D,03,D,,A,,A,,A,2,D,,A,04,D
20182,03825072,49,0,1,110,D,2,D,01,D,,A,,A,,A,2,D,,A,05,D
20182,03825222,26,0,1,110,D,2,D,02,D,,A,,A,,A,2,D,,A,02,D
20182,03825222,27,0,1,110,D,2,D,02,D,,A,,A,,A,2,D,,A,03,D
20182,03825222,28,0,1,100,D,3,D,02,D,,A,,A,,A,2,D,,A,04,D
20182,03825482,34,0,1,100,D,1,D,01,D,7500,D,,A,,A,1,D,5000,D,01,D
20182,03825632,13,0,1,100,D,3,D,01,D,,A,,A,,A,2,D,,A,01,D
20182,03826872,23,0,1,110,D,2,D,02,D,,A,,A,,A,2,D,,A,01,D
20182,03827042,34,0,1,110,D,1,D,03,D,12500,D,,A,,A,2,D,,A,02,D
20182,03827272,47,0,1,100,D,2,D,02,D,,A,,A,,A,1,D,5500,D,04,D
20182,03827272,48,0,1,100,D,4,D,02,D,,A,22000,D,,A,1,D,500,D,05,D
20182,03827412,20,0,1,100,D,4,D,01,D,,A,4300,D,,A,1,D,,A,01,D
20182,03828072,27,0,1,100,D,2,D,03,D,,A,,A,,A,2,D,,A,01,D
20182,03828072,28,0,1,110,D,2,D,03,D,,A,,A,,A,2,D,,A,02,D
20182,03828394,14,0,1,120,D,1,D,02,D,500,D,,A,,A,2,D,,A,01,D
20182,03840142,30,0,1,110,D,1,D,03,D,500,D,,A,,A,2,D,,A,02,D
20182,03840452,30,0,1,110,D,3,D,03,D,,A,,A,,A,2,D,,A,01,D
20182,03840462,25,0,1,100,D,2,D,02,D,,A,,A,,A,2,D,,A,01,D
20182,03840462,26,0,1,110,D,2,D,04,D,,A,,A,,A,2,D,,A,02,D
20182,03840553,22,0,1,110,D,1,D,04,D,12000,D,,A,,A,2,D,,A,01,D
20182,03841952,64,0,1,110,D,2,D,04,D,,A,,A,,A,2,D,,A,01,D
20182,03842112,42,0,1,110,D,2,D,02,D,,A,,A,,A,1,D,4000,D,05,D
20182,03842632,32,0,1,110,D,3,D,04,D,,A,,A,,A,2,D,,A,02,D
20182,03843192,49,0,1,100,D,2,D,04,D,,A,,A,,A,2,D,,A,01,D
20182,03843902,36,0,1,100,D,2,D,03,D,,A,,A,,A,2,D,,A,01,D
20182,03844122,9,0,1,150,D,3,D,03,D,,A,,A,,A,2,D,,A,02,D
20182,03844482,49,0,1,100,D,4,D,03,D,,A,9000,D,,A,2,D,,A,01,D
20182,03844692,54,0,1,100,D,1,D,03,D,500,D,,A,,A,2,D,,A,01,D
20182,03845272,47,0,1,110,D,2,D,02,D,,A,,A,,A,2,D,,A,01,D
20182,03845272,48,0,1,100,D,2,D,02,D,,A,,A,,A,2,D,,A,02,D
20182,03845772,24,0,1,100,D,3,D,03,D,,A,,A,,A,2,D,,A,01,D
20182,03846122,26,0,1,110,D,1,D,04,D,2500,D,,A,,A,2,D,,A,03,D
20182,03846142,24,0,1,110,D,2,D,04,D,,A,,A,,A,2,D,,A,01,D
20182,03846142,25,0,1,110,D,1,D,02,D,1500,D,,A,,A,2,D,,A,03,D
20182,03846442,38,0,1,100,D,4,D,02,D,,A,,A,,A,2,D,,A,07,D
20182,03847002,36,0,1,100,D,,C,02,D,,A,,A,,A,2,D,,A,02,D
20182,03847452,28,0,1,110,D,6,D,02,D,,A,,A,,A,2,D,,A,01,D
20182,03847642,24,0,1,110,D,6,D,03,D,,A,,A,,A,2,D,,A,05,D
20182,03847802,19,0,1,110,D,4,D,02,D,,A,,A,,A,1,D,20000,D,01,D
20182,03848062,18,0,1,110,D,1,D,03,D,1000,D,,A,,A,2,D,,A,02,D
20182,03848482,28,0,1,100,D,1,D,04,D,1200,D,,A,,A,2,D,,A,01,D
20182,03849432,39,0,1,120,D,1,D,04,D,5000,D,,A,,A,2,D,,A,03,D
20182,03850512,30,0,1,100,D,3,D,03,D,,A,,A,,A,2,D,,A,03,D
20182,03850782,40,0,1,110,D,2,D,04,D,,A,,A,,A,2,D,,A,02,D
20182,03850882,33,0,1,110,D,1,D,04,D,700,D,,A,,A,2,D,,A,01,D
20182,03850882,34,0,1,100,D,1,D,05,D,1000,D,,A,,A,2,D,,A,04,D
20182,03851052,59,0,1,110,D,1,D,03,D,1500,D,,A,,A,2,D,,A,02,D
20182,03851162,25,0,1,100,D,6,D,05,D,,A,,A,,A,2,D,,A,02,D
20182,03851502,18,0,1,100,D,6,D,03,D,,A,,A,,A,2,D,,A,02,D
20182,03852222,16,0,1,100,D,4,D,04,D,,A,7000,D,,A,2,D,,A,01,D
20182,03854012,14,0,1,100,D,4,D,04,D,,A,,A,,A,2,D,,A,01,D
20182,03855072,41,0,1,100,D,2,D,04,D,,A,,A,,A,1,D,10000,D,01,D
20182,03855102,34,0,1,150,D,1,D,04,D,800,D,,A,,A,2,D,,A,04,D
20182,03855592,38,0,1,100,D,2,D,04,D,,A,,A,,A,2,D,,A,02,D
20182,03856132,52,0,1,100,D,6,D,05,D,,A,,A,,A,,C,,A,01,D
20182,03856132,53,0,1,100,D,6,D,05,D,,A,,A,,A,,C,,A,02,D
20182,03856132,54,0,1,100,D,6,D,05,D,,A,,A,,A,,C,,A,03,D
20182,03856132,55,0,1,160,D,6,D,05,D,,A,,A,,A,,C,,A,04,D
20182,03856162,27,0,1,100,D,3,D,04,D,,A,,A,,A,2,D,,A,02,D
20182,03857102,36,0,1,100,D,1,D,05,D,300,D,,A,,A,2,D,,A,04,D
20182,03857172,12,0,1,100,D,1,D,04,D,900,D,,A,,A,2,D,,A,01,D
20182,03857652,42,0,1,100,D,1,D,03,D,2400,D,,A,,A,2,D,,A,03,D
20182,03857652,43,0,1,110,D,6,D,04,D,,A,,A,,A,2,D,,A,06,D
20182,03858032,36,0,1,110,D,1,D,04,D,500,D,,A,,A,2,D,,A,03,D
20182,03858032,37,0,1,110,D,1,D,04,D,1500,D,,A,,A,2,D,,A,04,D
20182,03858112,30,0,1,160,D,6,D,03,D,,A,,A,,A,2,D,,A,02,D
20182,03858432,21,0,1,100,D,1,D,05,D,100,D,,A,,A,2,D,,A,06,D
20182,03858442,24,0,1,150,D,1,D,05,D,2500,D,,A,,A,2,D,,A,01,D
20182,03859742,17,0,1,100,D,3,D,03,D,,A,,A,,A,2,D,,A,01,D
20182,03859912,26,0,1,110,D,4,D,05,D,,A,,A,,A,2,D,,A,02,D
20182,03859992,28,0,1,100,D,3,D,04,D,,A,,A,,A,2,D,,A,01,D
20182,03860012,40,0,1,110,D,2,D,03,D,,A,,A,,A,2,D,,A,03,D
20182,03891281,33,0,1,100,D,6,D,03,D,,A,,A,,A,2,D,,A,02,D
20182,03894431,10,0,1,100,D,1,D,02,D,300,D,,A,,A,2,D,,A,02,D
20182,03896191,20,0,1,100,D,2,D,03,D,,A,,A,,A,2,D,,A,04,D
20182,03897581,17,0,1,100,D,3,D,03,D,,A,,A,,A,2,D,,A,05,D
20182,03898111,14,0,1,100,D,4,D,01,D,,A,,A,,A,2,D,,A,02,D
20182,03901113,16,0,1,100,D,1,D,03,D,300,D,,A,,A,2,D,,A,02,D
20182,03902241,25,0,1,110,D,1,D,04,D,1200,D,,A,,A,2,D,,A,04,D
20182,03902673,15,0,1,100,D,2,D,04,D,,A,,A,,A,1,D,25000,D,03,D
20182,03902981,31,0,1,100,D,1,D,03,D,4000,D,,A,,A,2,D,,A,03,D
20182,03903131,18,0,1,100,D,3,D,04,D,,A,,A,,A,2,D,,A,04,D
20182,03903191,20,0,1,150,D,,C,04,D,,A,,A,,A,2,D,,A,02,D
20182,03903601,13,0,1,100,D,3,D,02,D,,A,,A,,A,2,D,,A,02,D
20182,03906001,26,0,1,100,D,1,D,04,D,135,D,,A,,A,2,D,,A,08,D
20182,03906631,18,0,1,100,D,1,D,03,D,500,D,,A,,A,2,D,,A,01,D
20182,03908511,21,0,1,100,D,1,D,03,D,200,D,,A,,A,2,D,,A,03,D
20182,03910241,33,0,1,100,D,3,D,02,D,,A,,A,,A,2,D,,A,05,D
20182,03911541,27,0,1,100,D,1,D,04,D,100,D,,A,,A,2,D,,A,04,D
20182,03912401,24,0,1,110,D,1,D,04,D,11000,D,,A,,A,2,D,,A,04,D
20182,03912651,10,0,1,110,D,1,D,02,D,1500,D,,A,,A,2,D,,A,03,D
20182,03912661,20,0,1,110,D,6,D,03,D,,A,,A,,A,2,D,,A,03,D
20182,03923401,33,0,1,110,D,2,D,05,D,,A,,A,,A,2,D,,A,03,D
20182,03925781,12,0,1,100,D,6,D,05,D,,A,,A,,A,2,D,,A,02,D
20182,03927441,15,0,1,110,D,4,D,03,D,,A,168,D,,A,2,D,,A,02,D
20182,03928951,22,0,1,110,D,4,D,03,D,,A,1200,D,,A,2,D,,A,05,D
20182,03929141,20,0,1,100,D,4,D,03,D,,A,,A,,A,1,D,2700,D,04,D
20182,03929421,32,0,1,100,D,4,D,05,D,,A,1174,D,,A,2,D,,A,03,D
20182,03930851,31,0,1,110,D,1,D,03,D,900,D,,A,,A,2,D,,A,02,D
20182,03932211,17,0,1,100,D,1,D,05,D,45000,D,,A,,A,2,D,,A,02,D
20182,03932571,32,0,1,100,D,3,D,03,D,,A,,A,,A,2,D,,A,03,D
20182,03932611,8,0,1,100,D,4,D,05,D,,A,,A,,A,2,D,,A,02,D
20182,03933471,29,0,1,110,D,1,D,05,D,2000,D,,A,,A,2,D,,A,05,D
20183,03755434,37,0,1,100,D,2,D,06,D,,A,,A,,A,2,D,,A,04,D
20183,03755764,39,0,1,100,D,2,D,05,D,,A,,A,,A,2,D,,A,01,D
20183,03756154,12,0,1,110,D,1,D,05,D,2500,D,,A,,A,2,D,,A,03,D
20183,03756464,22,0,1,100,D,6,D,04,D,,A,,A,,A,,C,,A,02,D
20183,03756494,19,0,1,110,D,4,D,05,D,,A,2200,D,,A,2,D,,A,01,D
20183,03756704,31,0,1,110,D,6,D,05,D,,A,,A,,A,2,D,,A,01,D
20183,03756784,13,0,1,110,D,6,D,04,D,,A,,A,,A,2,D,,A,01,D
20183,03757814,38,0,1,110,D,2,D,06,D,,A,,A,,A,1,D,19000,D,01,D
20183,03758034,32,0,1,110,D,2,D,06,D,,A,,A,,A,2,D,,A,03,D
20183,03758144,8,0,1,110,D,1,D,05,D,225,D,,A,,A,2,D,,A,01,D
20183,03758644,22,0,1,100,D,1,D,04,D,7000,D,,A,,A,2,D,,A,01,D
20183,03758984,23,0,1,100,D,1,D,06,D,1400,D,,A,,A,2,D,,A,03,D
20183,03759144,39,0,1,110,D,3,D,06,D,,A,,A,,A,2,D,,A,01,D
20183,03759574,35,0,1,110,D,6,D,05,D,,A,,A,,A,1,D,,A,01,D
20183,03759804,60,0,2,100,D,1,D,04,D,20325,D,,A,,A,2,D,,A,01,D
20183,03759854,13,0,1,110,D,2,D,05,D,,A,,A,,A,2,D,,A,02,D
20183,03760064,35,0,2,100,D,2,D,04,D,,A,,A,,A,2,D,,A,01,D
20183,03760194,60,0,1,110,D,1,D,06,D,12000,D,,A,,A,2,D,,A,02,D
20183,03760224,20,0,2,100,D,2,D,04,D,,A,,A,,A,2,D,,A,01,D
20183,03760474,36,0,1,100,D,1,D,05,D,6000,D,,A,,A,2,D,,A,05,D
20183,03760774,11,0,1,100,D,1,D,05,D,700,D,,A,,A,2,D,,A,01,D
20183,03761014,44,0,2,150,D,1,D,04,D,2400,D,,A,,A,2,D,,A,04,D
20183,03761304,36,0,1,160,D,1,D,04,D,12000,D,,A,,A,2,D,,A,02,D
20183,03762544,28,0,2,100,D,2,D,04,D,,A,,A,,A,2,D,,A,01,D
20183,03762984,22,0,1,110,D,2,D,04,D,,A,,A,,A,2,D,,A,01,D
20183,03763174,34,0,1,160,D,1,D,06,D,18500,T,,A,,A,2,D,,A,04,D
20183,03763754,13,0,1,100,D,4,D,06,D,,A,300,D,,A,2,D,,A,01,D
20183,03764074,39,0,1,200,D,6,D,04,D,,A,,A,,A,,C,,A,09,D
20183,03764154,20,0,1,100,D,2,D,06,D,,A,,A,,A,2,D,,A,01,D
20183,03765454,18,0,1,100,D,1,D,06,D,200,D,,A,,A,2,D,,A,02,D
20183,03765454,19,0,1,150,D,1,D,06,D,300,D,,A,,A,2,D,,A,03,D
20183,03765674,55,0,1,100,D,6,D,06,D,,A,,A,,A,2,D,,A,01,D
20183,03765674,56,0,1,110,D,6,D,06,D,,A,,A,,A,2,D,,A,03,D
20183,03765924,27,0,1,100,D,3,D,05,D,,A,,A,,A,2,D,,A,01,D
20183,03776394,9,0,1,100,D,1,D,06,D,5500,D,,A,,A,2,D,,A,02,D
20183,03777224,51,0,2,110,D,3,D,05,D,,A,,A,,A,2,D,,A,03,D
20183,03777234,26,0,1,110,D,6,D,06,D,,A,,A,,A,1,D,,A,02,D
20183,03779194,30,0,1,110,D,1,D,06,D,1500,D,,A,,A,2,D,,A,01,D
20183,03779694,63,0,1,160,D,1,D,06,D,300,D,,A,,A,2,D,,A,03,D
20183,03780504,31,0,1,110,D,2,D,07,D,,A,,A,,A,2,D,,A,01,D
20183,03780504,32,0,1,110,D,1,D,05,D,500,D,,A,,A,2,D,,A,03,D
20183,03780884,21,0,1,110,D,3,D,07,D,,A,,A,,A,2,D,,A,01,D
20183,03781114,34,0,1,110,D,2,D,06,D,,A,,A,,A,1,D,25000,D,01,D
20183,03781674,37,0,1,100,D,4,D,06,D,,A,11000,D,,A,2,D,,A,03,D
20183,03782004,32,0,1,100,D,4,D,05,D,,A,9000,D,,A,2,D,,A,01,D
20183,03782174,31,0,1,160,D,1,D,06,D,18500,T,,A,,A,1,D,10800,D,03,D
20183,03782204,29,0,2,110,D,4,D,05,D,,A,3400,D,,A,2,D,,A,03,D
20183,03782524,44,0,2,110,D,2,D,05,D,,A,,A,,A,2,D,,A,02,D
20183,03783024,32,0,1,110,D,6,D,06,D,,A,,A,,A,2,D,,A,06,D
20183,03783064,24,0,1,100,D,6,D,06,D,,A,,A,,A,2,D,,A,02,D
20183,03783324,11,0,2,110,D,2,D,05,D,,A,,A,,A,2,D,,A,01,D
20183,03783734,89,0,1,110,D,2,D,07,D,,A,,A,,A,2,D,,A,04,D
20183,03784234,38,0,1,100,D,2,D,07,D,,A,,A,,A,1,D,,A,02,D
20183,03784234,39,0,1,100,D,4,D,06,D,,A,9000,D,,A,2,D,,A,05,D
20183,03784514,27,0,1,110,D,3,D,05,D,,A,,A,,A,2,D,,A,01,D
20183,03784514,28,0,1,100,D,1,D,05,D,14000,D,,A,,A,2,D,,A,02,D
20183,03785324,31,0,1,100,D,6,D,05,D,,A,,A,,A,2,D,,A,01,D
20183,03785374,47,0,1,150,D,6,D,05,D,,A,,A,,A,2,D,,A,04,D
20183,03785594,34,0,1,100,D,1,D,07,D,4800,D,,A,,A,2,D,,A,03,D
20183,03785664,60,0,1,100,D,1,D,07,D,550,D,,A,,A,2,D,,A,03,D
20183,03785864,30,0,1,200,D,6,D,06,D,,A,,A,,A,2,D,,A,03,D
20183,03797594,31,0,1,100,D,3,D,08,D,,A,,A,,A,2,D,,A,01,D
20183,03798014,27,0,1,100,D,2,D,07,D,,A,,A,,A,2,D,,A,01,D
20183,03798174,21,0,1,100,D,2,D,08,D,,A,,A,,A,1,D,11513,D,02,D
20183,03798374,32,0,1,100,D,2,D,08,D,,A,,A,,A,2,D,,A,02,D
20183,03798594,17,0,1,110,D,6,D,06,D,,A,,A,,A,2,D,,A,01,D
20183,03798614,21,0,1,100,D,1,D,06,D,1000,D,,A,,A,2,D,,A,01,D
20183,03798674,22,0,1,100,D,1,D,08,D,1600,D,,A,,A,2,D,,A,02,D
20183,03798714,31,0,1,100,D,3,D,06,D,,A,,A,,A,2,D,,A,03,D
20183,03798864,19,0,1,110,D,1,D,08,D,10000,D,,A,,A,2,D,,A,01,D
20183,03799394,35,0,1,110,D,1,D,08,D,1000,D,,A,,A,2,D,,A,01,D
20183,03799524,27,0,1,110,D,1,D,07,D,2200,D,,A,,A,2,D,,A,06,D
20183,03800114,37,0,1,100,D,1,D,08,D,4300,D,,A,,A,2,D,,A,01,D
20183,03800824,34,0,1,100,D,2,D,08,D,,A,,A,,A,2,D,,A,01,D
20183,03800864,57,0,1,110,D,4,D,06,D,,A,18000,D,,A,2,D,,A,01,D
20183,03801064,34,0,1,110,D,1,D,07,D,500,F,,A,,A,2,D,,A,01,D
20183,03801094,34,0,1,200,D,2,D,06,D,,A,,A,,A,2,D,,A,02,D
20183,03801214,29,0,1,110,D,4,D,07,D,,A,9800,D,,A,2,D,,A,02,D
20183,03801214,30,0,1,110,D,1,D,07,D,400,D,,A,,A,2,D,,A,04,D
20183,03801254,18,0,1,100,D,4,D,08,D,,A,2450,D,,A,2,D,,A,03,D
20183,03801524,31,0,1,100,D,3,D,08,D,,A,,A,,A,2,D,,A,01,D
20183,03801834,42,0,1,100,D,2,D,06,D,,A,,A,,A,1,D,10000,D,01,D
20183,03802714,6,0,1,100,D,6,D,07,D,,A,,A,,A,2,D,,A,01,D
20183,03803094,15,0,1,100,D,3,D,07,D,,A,,A,,A,2,D,,A,01,D
20183,03803394,21,0,1,100,D,2,D,06,D,,A,,A,,A,2,D,,A,01,D
20183,03803524,39,0,1,150,D,2,D,07,D,,A,,A,,A,2,D,,A,03,D
20183,03803524,40,0,1,200,D,1,D,07,D,27000,D,,A,,A,1,D,21000,D,06,D
20183,03803794,25,0,1,110,D,2,D,08,D,,A,,A,,A,1,D,,A,01,D
20183,03803854,22,0,2,100,D,2,D,06,D,,A,,A,,A,2,D,,A,01,D
20183,03803854,23,0,1,100,D,1,D,07,D,600,F,,A,,A,2,D,,A,03,D
20183,03804054,38,0,1,110,D,2,D,07,D,,A,,A,,A,2,D,,A,01,D
20183,03804184,9,0,1,110,D,6,D,07,D,,A,,A,,A,2,D,,A,01,D
20183,03804184,10,0,1,110,D,6,D,07,D,,A,,A,,A,2,D,,A,02,D
20183,03804494,21,0,1,100,D,6,D,07,D,,A,,A,,A,2,D,,A,03,D
20183,03804534,21,0,1,100,D,4,D,07,D,,A,,A,,A,2,D,,A,01,D
20183,03804594,47,0,1,100,D,1,D,08,D,500,F,,A,,A,2,D,,A,02,D
20183,03804854,26,0,1,100,D,3,D,08,D,,A,,A,,A,2,D,,A,01,D
20183,03804894,27,0,1,110,D,2,D,08,D,,A,,A,,A,2,D,,A,01,D
20183,03804974,43,0,1,110,D,3,D,08,D,,A,,A,,A,2,D,,A,04,D
20183,03805534,13,0,1,100,D,3,D,06,D,,A,,A,,A,2,D,,A,01,D
20183,03805634,20,0,1,100,D,2,D,07,D,,A,,A,,A,1,D,,A,01,D
20183,03805654,32,0,1,110,D,3,D,08,D,,A,,A,,A,2,D,,A,01,D
20183,03805814,19,0,1,100,D,3,D,06,D,,A,,A,,A,2,D,,A,01,D
20183,03806434,34,0,1,100,D,6,D,08,D,,A,,A,,A,2,D,,A,02,D
20183,03806434,35,0,1,110,D,6,D,08,D,,A,,A,,A,2,D,,A,03,D
20183,03806774,20,0,1,110,D,2,D,07,D,,A,,A,,A,2,D,,A,02,D
20183,03807724,22,0,1,100,D,2,D,08,D,,A,,A,,A,1,D,,A,02,D
20183,03807774,30,0,1,100,D,3,D,07,D,,A,,A,,A,2,D,,A,01,D
20183,03818683,20,0,1,100,D,1,D,05,D,4000,D,,A,,A,2,D,,A,01,D
20183,03819263,50,0,1,110,D,1,D,05,D,2018,D,,A,,A,2,D,,A,01,D
20183,03819423,39,0,1,110,D,2,D,05,D,,A,,A,,A,2,D,,A,02,D
20183,03819493,57,0,1,110,D,1,D,06,D,33000,D,,A,,A,1,D,,A,01,D
20183,03820053,15,0,1,100,D,2,D,06,D,,A,,A,,A,2,D,,A,02,D
20183,03820313,29,0,1,100,D,4,D,05,D,,A,5000,D,,A,2,D,,A,01,D
20183,03820513,33,0,1,100,D,2,D,04,D,,A,,A,,A,2,D,,A,02,D
20183,03820833,33,0,1,110,D,1,D,05,D,7800,D,,A,,A,2,D,,A,03,D
20183,03821093,27,0,2,130,D,1,D,04,D,1200,D,,A,,A,2,D,,A,04,D
20183,03821123,22,0,1,100,D,2,D,05,D,,A,,A,,A,2,D,,A,01,D
20183,03821223,11,0,1,100,D,2,D,05,D,,A,,A,,A,2,D,,A,01,D
20183,03821603,45,0,1,100,D,3,D,05,D,,A,,A,,A,2,D,,A,03,D
20183,03821753,21,0,2,100,D,2,D,04,D,,A,,A,,A,2,D,,A,01,D
20183,03822393,20,0,1,110,D,1,D,04,D,500,D,,A,,A,2,D,,A,01,D
20183,03822463,18,0,1,100,D,4,D,06,D,,A,,A,,A,2,D,,A,01,D
20183,03822913,41,0,1,100,D,1,D,05,D,500,D,,A,,A,2,D,,A,02,D
20183,03823023,43,0,1,110,D,2,D,06,D,,A,,A,,A,1,D,,A,02,D
20183,03823463,15,0,1,110,D,6,D,04,D,,A,,A,,A,2,D,,A,02,D
20183,03823463,16,0,1,100,D,6,D,04,D,,A,,A,,A,2,D,,A,03,D
20183,03823613,40,0,1,160,D,1,D,05,D,1,D,,A,,A,2,D,,A,02,D
20183,03823973,37,0,1,110,D,2,D,05,D,,A,,A,,A,1,D,,A,02,D
20183,03824113,21,0,1,100,D,6,D,04,D,,A,,A,,A,2,D,,A,03,D
20183,03824123,29,0,2,110,D,6,D,04,D,,A,,A,,A,2,D,,A,02,D
20183,03824133,25,0,1,110,D,1,D,06,D,200,D,,A,,A,2,D,,A,03,D
20183,03824263,19,0,1,100,D,4,D,04,D,,A,4800,D,,A,2,D,,A,01,D
20183,03824443,42,0,1,100,D,1,D,06,D,11000,D,,A,,A,1,D,8000,D,01,D
20183,03824623,21,0,1,110,D,4,D,05,D,,A,,A,,A,2,D,,A,02,D
20183,03824693,41,0,1,110,D,2,D,06,D,,A,,A,,A,2,D,,A,01,D
20183,03825023,34,0,1,110,D,2,D,05,D,,A,,A,,A,2,D,,A,05,D
20183,03825073,68,0,1,100,D,2,D,05,D,,A,,A,,A,2,D,,A,03,D
20183,03825683,41,0,1,110,D,3,D,06,D,,A,,A,,A,2,D,,A,01,D
20183,03826373,34,0,1,160,D,1,D,06,D,18500,T,,A,,A,2,D,,A,03,D
20183,03826373,35,0,1,180,D,6,D,06,D,,A,,A,,A,2,D,,A,05,D
20183,03826793,24,0,1,110,D,1,D,05,D,100,D,,A,,A,2,D,,A,01,D
20183,03826963,22,0,1,100,D,1,D,05,D,200,D,,A,,A,2,D,,A,01,D
20183,03827033,15,0,1,100,D,4,D,05,D,,A,300,F,,A,2,D,,A,01,D
20183,03827323,27,0,1,160,D,1,D,05,D,800,D,,A,,A,2,D,,A,03,D
20183,03827393,22,0,1,110,D,4,D,05,D,,A,,A,,A,2,D,,A,01,D
20183,03828273,35,0,1,110,D,1,D,06,D,300,D,,A,,A,2,D,,A,02,D
20183,03828273,36,0,1,160,D,1,D,06,D,150,D,,A,,A,2,D,,A,03,D
20183,03828413,34,0,1,110,D,1,D,04,D,2700,D,,A,,A,2,D,,A,02,D
20183,03828813,17,0,1,100,D,2,D,04,D,,A,,A,,A,2,D,,A,01,D
20183,03840093,46,0,1,110,D,6,D,07,D,,A,,A,,A,2,D,,A,02,D
20183,03841723,26,0,1,150,D,1,D,05,D,600,D,,A,,A,2,D,,A,04,D
20183,03841903,57,0,1,100,D,6,D,07,D,,A,,A,,A,2,D,,A,05,D
20183,03843033,11,0,1,100,D,4,D,06,D,,A,,A,,A,2,D,,A,01,D
20183,03843173,29,0,1,110,D,1,D,05,D,400,D,,A,,A,2,D,,A,01,D
20183,03843593,29,0,1,100,D,2,D,05,D,,A,,A,,A,2,D,,A,03,D
20183,03843593,30,0,1,110,D,2,D,05,D,,A,,A,,A,2,D,,A,04,D
20183,03844253,23,0,1,110,D,2,D,06,D,,A,,A,,A,2,D,,A,01,D
20183,03844683,30,0,1,100,D,2,D,07,D,,A,,A,,A,2,D,,A,01,D
20183,03845263,40,0,1,110,D,1,D,07,D,750,D,,A,,A,2,D,,A,01,D
20183,03846453,20,0,1,100,D,4,D,05,D,,A,2300,D,,A,2,D,,A,02,D
20183,03846943,19,0,2,100,D,4,D,05,D,,A,,A,,A,2,D,,A,02,D
20183,03847443,16,0,1,100,D,2,D,07,D,,A,,A,,A,2,D,,A,01,D
20183,03848313,26,0,1,110,D,1,D,06,D,200,D,,A,,A,2,D,,A,02,D
20183,03848373,13,0,1,100,D,3,D,06,D,,A,,A,,A,2,D,,A,02,D
20183,03848483,36,0,1,100,D,6,D,05,D,,A,,A,,A,2,D,,A,03,D
20183,03848493,11,0,1,100,D,5,D,06,D,,A,,A,,A,2,D,,A,01,D
20183,03848643,14,0,1,100,D,2,D,06,D,,A,,A,,A,2,D,,A,01,D
20183,03849323,15,0,1,100,D,1,D,07,D,800,D,,A,,A,2,D,,A,03,D
20183,03849633,17,0,1,110,D,1,D,07,D,8500,D,,A,,A,2,D,,A,01,D
20183,03849663,21,0,1,100,D,4,D,07,D,,A,5000,D,,A,2,D,,A,03,D
20183,03849793,15,0,1,100,D,6,D,07,D,,A,,A,,A,2,D,,A,01,D
20183,03849833,31,0,1,100,D,2,D,06,D,,A,,A,,A,1,D,3000,D,02,D
20183,03850053,22,0,1,100,D,6,D,07,D,,A,,A,,A,2,D,,A,01,D
20183,03850453,26,0,1,110,D,1,D,07,D,500,D,,A,,A,2,D,,A,02,D
20183,03851033,27,0,1,110,D,2,D,07,D,,A,,A,,A,2,D,,A,01,D
20183,03851033,28,0,1,110,D,2,D,06,D,,A,,A,,A,1,D,,A,02,D
20183,03851563,27,0,1,100,D,1,D,06,D,5600,D,,A,,A,2,D,,A,01,D
20183,03851863,38,0,1,180,D,6,D,06,D,,A,,A,,A,2,D,,A,05,D
20183,03852333,69,0,1,110,D,1,D,06,D,9000,D,,A,,A,2,D,,A,02,D
20183,03852683,20,0,1,100,D,1,D,08,D,200,D,,A,,A,2,D,,A,01,D
20183,03853463,17,0,1,110,D,4,D,06,D,,A,8000,D,,A,2,D,,A,01,D
20183,03853693,21,0,1,100,D,3,D,08,D,,A,,A,,A,2,D,,A,01,D
20183,03853883,32,0,1,110,D,2,D,06,D,,A,,A,,A,2,D,,A,01,D
20183,03854363,30,0,1,100,D,2,D,06,D,,A,,A,,A,2,D,,A,01,D
20183,03854483,16,0,2,100,D,4,D,06,D,,A,,A,,A,2,D,,A,01,D
20183,03854523,30,0,1,100,D,2,D,07,D,,A,,A,,A,2,D,,A,02,D
20183,03855283,12,0,1,100,D,2,D,06,D,,A,,A,,A,2,D,,A,01,D
20183,03855483,17,0,2,100,D,2,D,06,D,,A,,A,,A,2,D,,A,02,D
20183,03856013,20,0,1,110,D,2,D,08,D,,A,,A,,A,1,D,446,D,01,D
20183,03856683,28,0,1,110,D,2,D,07,D,,A,,A,,A,2,D,,A,01,D
20183,03857433,22,0,1,100,D,3,D,08,D,,A,,A,,A,2,D,,A,01,D
20183,03857503,54,0,1,110,D,4,D,07,D,,A,,A,,A,1,D,,A,01,D
20183,03857803,27,0,2,110,D,2,D,06,D,,A,,A,,A,2,D,,A,02,D
20183,03857853,35,0,1,100,D,4,D,07,D,,A,1200,D,,A,2,D,,A,03,D
20183,03857943,48,0,1,110,D,3,D,06,D,,A,,A,,A,2,D,,A,03,D
20183,03857993,22,0,1,100,D,3,D,08,D,,A,,A,,A,2,D,,A,02,D
20183,03858043,30,0,1,110,D,2,D,07,D,,A,,A,,A,1,D,38000,D,02,D
20183,03858113,37,0,1,110,D,2,D,07,D,,A,,A,,A,1,D,1000,D,01,D
20183,03858223,27,0,1,100,D,6,D,08,D,,A,,A,,A,2,D,,A,01,D
20183,03858223,28,0,1,110,D,6,D,08,D,,A,,A,,A,2,D,,A,03,D
20183,03858263,11,0,1,100,D,1,D,08,D,300,D,,A,,A,2,D,,A,01,D
20183,03858313,38,0,1,110,D,1,D,08,D,100,F,,A,,A,2,D,,A,04,D
20183,03858363,13,0,1,110,D,5,D,07,D,,A,,A,,A,2,D,,A,01,D
20183,03858583,15,0,1,110,D,1,D,07,D,9000,D,,A,,A,1,D,1100,D,01,D
20183,03858633,23,0,1,100,D,1,D,08,D,500,D,,A,,A,2,D,,A,02,D
20183,03858853,20,0,1,110,D,4,D,07,D,,A,5300,D,,A,2,D,,A,01,D
20183,03860203,38,0,1,100,D,6,D,07,D,,A,,A,,A,2,D,,A,02,D
20183,03860393,10,0,1,200,D,4,D,06,D,,A,,A,,A,2,D,,A,01,D
20183,03860493,14,0,1,100,D,2,D,06,D,,A,,A,,A,2,D,,A,02,D
20183,03891282,49,0,1,100,D,2,D,04,D,,A,,A,,A,2,D,,A,02,D
20183,03892042,19,0,1,110,D,1,D,04,D,250,D,,A,,A,2,D,,A,04,D
20183,03892202,22,0,1,200,D,6,D,05,D,,A,,A,,A,2,D,,A,04,D
20183,03892362,28,0,1,110,D,1,D,05,D,7500,D,,A,,A,2,D,,A,01,D
20183,03892612,12,0,1,200,D,6,D,04,D,,A,,A,,A,,C,,A,02,D
20183,03893892,40,0,1,100,D,1,D,05,D,2000,D,,A,,A,2,D,,A,02,D
20183,03894432,14,0,1,110,D,6,D,05,D,,A,,A,,A,2,D,,A,01,D
20183,03894432,15,0,1,100,D,6,D,06,D,,A,,A,,A,2,D,,A,02,D
20183,03895122,19,0,1,100,D,4,D,04,D,,A,,A,,A,2,D,,A,02,D
20183,03895792,39,0,1,100,D,1,D,06,D,19500,D,,A,,A,2,D,,A,02,D
20183,03895802,28,0,1,110,D,2,D,06,D,,A,,A,,A,1,D,6000,D,02,D
20183,03896192,38,0,1,100,D,2,D,05,D,,A,,A,,A,2,D,,A,02,D
20183,03896582,13,0,1,100,D,6,D,06,D,,A,,A,,A,2,D,,A,02,D
20183,03896682,13,0,1,100,D,4,D,05,D,,A,,A,,A,2,D,,A,01,D
20183,03896912,27,0,1,110,D,2,D,04,D,,A,,A,,A,2,D,,A,02,D
20183,03897112,12,0,1,110,D,3,D,06,D,,A,,A,,A,2,D,,A,03,D
20183,03897312,45,0,1,200,D,6,D,05,D,,A,,A,,A,2,D,,A,02,D
20183,03897342,51,0,1,110,D,4,D,05,D,,A,,A,,A,1,D,2500,D,03,D
20183,03897582,28,0,1,100,D,3,D,05,D,,A,,A,,A,2,D,,A,05,D
20183,03897982,35,0,1,100,D,3,D,04,D,,A,,A,,A,2,D,,A,03,D
20183,03898112,19,0,1,100,D,4,D,04,D,,A,,A,,A,2,D,,A,02,D
20183,03898472,24,0,1,110,D,6,D,06,D,,A,,A,,A,,C,,A,01,D
20183,03898802,38,0,1,180,D,1,D,05,D,1000,D,,A,,A,2,D,,A,05,D
20183,03899282,20,0,1,100,D,4,D,05,D,,A,6445,D,,A,2,D,,A,03,D
20183,03899952,17,0,1,100,D,3,D,05,D,,A,,A,,A,2,D,,A,01,D
20183,03900232,31,0,1,100,D,6,D,06,D,,A,,A,,A,1,D,,A,01,D
20183,03900232,32,0,1,100,D,6,D,06,D,,A,,A,,A,2,D,,A,03,D
20183,03900502,39,0,2,110,D,1,D,04,D,2800,D,,A,,A,2,D,,A,05,D
20183,03900622,29,0,1,100,D,4,D,04,D,,A,8000,D,,A,1,D,8000,D,02,D
20183,03901222,27,0,1,110,D,2,D,05,D,,A,,A,,A,2,D,,A,01,D
20183,03901852,52,0,1,170,D,6,D,04,D,,A,,A,,A,2,D,,A,13,D
20183,03901962,33,0,1,110,D,2,D,07,D,,A,,A,,A,2,D,,A,02,D
20183,03902674,19,0,1,100,D,2,D,05,D,,A,,A,,A,1,D,,A,03,D
20183,03902982,32,0,1,100,D,3,D,05,D,,A,,A,,A,2,D,,A,03,D
20183,03903082,22,0,1,100,D,1,D,06,D,1000,D,,A,,A,2,D,,A,05,D
20183,03903132,52,0,1,100,D,3,D,05,D,,A,,A,,A,2,D,,A,04,D
20183,03903602,12,0,1,100,D,1,D,05,D,200,F,,A,,A,,C,,A,02,D
20183,03903632,46,0,1,100,D,2,D,06,D,,A,,A,,A,1,D,2500,D,01,D
20183,03903792,20,0,1,110,D,1,D,07,D,500,D,,A,,A,2,D,,A,02,D
20183,03904162,28,0,1,100,D,2,D,07,D,,A,,A,,A,1,D,,A,01,D
20183,03904542,39,0,1,100,D,1,D,07,D,600,D,,A,,A,2,D,,A,01,D
20183,03906582,39,0,1,100,D,4,D,07,D,,A,12668,D,,A,1,D,,A,04,D
20183,03906632,29,0,1,100,D,1,D,05,D,500,D,,A,,A,2,D,,A,01,D
20183,03907292,74,0,1,170,D,5,D,06,D,,A,200,D,,A,2,D,,A,07,D
20183,03907512,34,0,1,100,D,6,D,05,D,,A,,A,,A,2,D,,A,03,D
20183,03908512,30,0,1,100,D,1,D,05,D,200,D,,A,,A,2,D,,A,03,D
20183,03908692,11,0,1,100,D,3,D,06,D,,A,,A,,A,2,D,,A,01,D
20183,03909082,19,0,1,110,D,4,D,05,D,,A,,A,,A,2,D,,A,04,D
20183,03909392,35,0,1,110,D,2,D,07,D,,A,,A,,A,2,D,,A,02,D
20183,03909592,10,0,1,100,D,4,D,06,D,,A,120,D,,A,2,D,,A,01,D
20183,03909932,21,0,1,110,D,2,D,06,D,,A,,A,,A,1,D,,A,01,D
20183,03910242,38,0,1,100,D,6,D,07,D,,A,,A,,A,2,D,,A,05,D
20183,03910312,20,0,1,100,D,6,D,07,D,,A,,A,,A,2,D,,A,02,D
20183,03911332,31,0,1,130,D,1,D,06,D,5500,D,,A,,A,2,D,,A,02,D
20183,03911542,23,0,1,110,D,6,D,06,D,,A,,A,,A,2,D,,A,03,D
20183,03911542,24,0,1,100,D,4,D,07,D,,A,,A,,A,2,D,,A,04,D
20183,03912292,31,0,1,110,D,6,D,07,D,,A,,A,,A,2,D,,A,03,D
20183,03912392,9,0,1,110,D,1,D,05,D,1800,D,,A,,A,2,D,,A,01,D
20183,03912402,26,0,1,110,D,1,D,05,D,11000,D,,A,,A,2,D,,A,04,D
20183,03912652,13,0,1,110,D,1,D,06,D,1500,D,,A,,A,2,D,,A,03,D
20183,03912662,25,0,1,110,D,6,D,06,D,,A,,A,,A,2,D,,A,03,D
20183,03922852,32,0,1,120,D,1,D,08,D,5000,D,,A,,A,2,D,,A,04,D
20183,03923002,28,0,1,100,D,1,D,08,D,1500,D,,A,,A,2,D,,A,01,D
20183,03923152,54,0,1,100,D,6,D,07,D,,A,,A,,A,2,D,,A,03,D
20183,03923402,41,0,1,110,D,2,D,07,D,,A,,A,,A,2,D,,A,03,D
20183,03923422,27,0,1,100,D,1,D,08,D,500,D,,A,,A,2,D,,A,02,D
20183,03923422,28,0,1,100,D,6,D,08,D,,A,,A,,A,,C,,A,03,D
20183,03924084,12,0,1,110,D,1,D,07,D,1000,D,,A,,A,2,D,,A,02,D
20183,03924952,22,0,1,110,D,3,D,08,D,,A,,A,,A,2,D,,A,03,D
20183,03924982,21,0,1,110,D,6,D,06,D,,A,,A,,A,2,D,,A,01,D
20183,03924982,22,0,1,110,D,6,D,06,D,,A,,A,,A,2,D,,A,02,D
20183,03924982,23,0,1,110,D,6,D,06,D,,A,,A,,A,2,D,,A,03,D
20183,03925274,24,0,1,110,D,3,D,06,D,,A,,A,,A,2,D,,A,01,D
20183,03926452,43,0,1,100,D,3,D,06,D,,A,,A,,A,2,D,,A,04,D
20183,03926972,73,0,1,100,D,4,D,07,D,,A,4600,D,,A,2,D,,A,04,D
20183,03927032,27,0,1,100,D,3,D,07,D,,A,,A,,A,2,D,,A,02,D
20183,03927442,10,0,1,110,D,4,D,06,D,,A,,A,,A,2,D,,A,02,D
20183,03927532,14,0,1,100,D,2,D,08,D,,A,,A,,A,2,D,,A,01,D
20183,03928332,28,0,1,100,D,6,D,08,D,,A,,A,,A,2,D,,A,03,D
20183,03928332,29,0,1,110,D,6,D,06,D,,A,,A,,A,2,D,,A,05,D
20183,03928332,30,0,1,100,D,6,D,07,D,,A,,A,,A,2,D,,A,06,D
20183,03928442,11,0,1,110,D,2,D,07,D,,A,,A,,A,2,D,,A,01,D
20183,03929142,25,0,1,100,D,4,D,07,D,,A,,A,,A,1,D,1200,D,04,D
20183,03929562,26,0,1,110,D,2,D,07,D,,A,,A,,A,1,D,,A,01,D
20183,03929722,29,0,1,100,D,6,D,07,D,,A,,A,,A,2,D,,A,04,D
20183,03930052,23,0,1,100,D,3,D,06,D,,A,,A,,A,2,D,,A,02,D
20183,03930302,41,0,1,100,D,6,D,07,D,,A,,A,,A,2,D,,A,01,D
20183,03930384,32,0,1,110,D,3,D,06,D,,A,,A,,A,2,D,,A,01,D
20183,03930422,31,0,1,110,D,2,D,06,D,,A,,A,,A,2,D,,A,02,D
20183,03930422,32,0,1,110,D,2,D,06,D,,A,,A,,A,2,D,,A,03,D
20183,03930452,18,0,1,100,D,6,D,08,D,,A,,A,,A,2,D,,A,01,D
20183,03930452,19,0,1,100,D,6,D,08,D,,A,,A,,A,2,D,,A,02,D
20183,03930852,45,0,1,110,D,1,D,08,D,900,D,,A,,A,2,D,,A,02,D
20183,03931232,49,0,1,200,D,6,D,08,D,,A,,A,,A,,C,,A,02,D
20183,03931762,18,0,1,100,D,1,D,07,D,1200,D,,A,,A,2,D,,A,01,D
20183,03932162,13,0,1,100,D,2,D,08,D,,A,,A,,A,2,D,,A,01,D
20183,03932612,10,0,1,100,D,1,D,06,D,300,D,,A,,A,2,D,,A,02,D
20183,03932632,41,0,1,110,D,2,D,07,D,,A,,A,,A,1,D,5000,D,01,D
20183,03932882,12,0,1,110,D,1,D,08,D,2000,D,,A,,A,2,D,,A,01,D
20183,03933282,18,0,1,110,D,6,D,08,D,,A,,A,,A,2,D,,A,03,D
20183,03933472,31,0,1,110,D,1,D,06,D,2000,D,,A,,A,2,D,,A,05,D
20183,03948271,22,0,1,110,D,1,D,05,D,600,D,,A,,A,2,D,,A,05,D
20183,03948541,25,0,1,100,D,2,D,05,D,,A,,A,,A,2,D,,A,03,D
20183,03949304,58,0,1,110,D,6,D,06,D,,A,,A,,A,2,D,,A,03,D
20183,03951221,17,0,1,100,D,1,D,04,D,2018,D,,A,,A,2,D,,A,02,D
20183,03951621,14,0,1,100,D,1,D,05,D,100,D,,A,,A,2,D,,A,03,D
20183,03951641,10,0,1,100,D,2,D,05,D,,A,,A,,A,2,D,,A,01,D
20183,03952321,27,0,1,100,D,1,D,04,D,2018,D,,A,,A,2,D,,A,03,D
20183,03952691,7,0,1,100,D,6,D,05,D,,A,,A,,A,1,D,,A,01,D
20183,03953801,19,0,1,100,D,1,D,06,D,700,D,,A,,A,2,D,,A,02,D
20183,03965391,14,0,1,150,D,1,D,07,D,2500,D,,A,,A,2,D,,A,04,D
20183,03965591,35,0,1,100,D,1,D,06,D,6100,D,,A,,A,1,D,6100,D,07,D
20183,03966101,40,0,1,200,D,1,D,06,D,5000,D,,A,,A,2,D,,A,07,D
20183,03966651,19,0,1,110,D,1,D,05,D,1500,D,,A,,A,2,D,,A,03,D
20183,03968141,22,0,1,200,D,1,D,07,D,200,D,,A,,A,2,D,,A,03,D
20183,03968871,40,0,1,100,D,3,D,07,D,,A,,A,,A,2,D,,A,05,D
20183,03970191,14,0,1,110,D,2,D,07,D,,A,,A,,A,2,D,,A,03,D
20183,03970373,5,0,1,100,D,6,D,06,D,,A,,A,,A,2,D,,A,01,D
20183,03970511,16,0,1,110,D,1,D,07,D,1500,D,,A,,A,2,D,,A,03,D
20183,03971471,32,0,1,110,D,2,D,06,D,,A,,A,,A,2,D,,A,02,D
20183,03971481,23,0,1,100,D,1,D,07,D,7800,D,,A,,A,2,D,,A,03,D
20183,03972481,29,0,1,120,D,1,D,05,D,2018,D,,A,,A,2,D,,A,05,D
20183,03972831,23,0,1,110,D,1,D,06,D,2500,F,,A,,A,2,D,,A,03,D
20183,03988471,17,0,1,110,D,2,D,08,D,,A,,A,,A,2,D,,A,03,D
20183,03989071,39,0,1,120,D,1,D,06,D,3500,D,,A,,A,2,D,,A,04,D
20183,03989401,26,0,1,110,D,1,D,07,D,6000,D,,A,,A,2,D,,A,02,D
20183,03989551,25,0,1,100,D,2,D,07,D,,A,,A,,A,2,D,,A,04,D
20183,03990641,33,0,1,100,D,3,D,07,D,,A,,A,,A,2,D,,A,03,D
20183,03992341,60,0,1,180,D,6,D,08,D,,A,,A,,A,2,D,,A,08,D
20183,03993621,10,0,1,110,D,4,D,07,D,,A,8000,F,,A,1,D,,A,02,D
20183,03994572,16,0,1,100,D,3,D,08,D,,A,,A,,A,2,D,,A,01,D
20183,03995231,31,0,1,100,D,1,D,07,D,8500,D,,A,,A,2,D,,A,03,D
20184,03818534,44,0,2,200,D,4,D,07,D,,A,5400,D,,A,2,D,,A,05,D
20184,03818594,22,0,1,110,D,4,D,07,D,,A,,A,,A,2,D,,A,03,D
20184,03818854,55,0,1,100,D,1,D,07,D,800,D,,A,,A,2,D,,A,07,D
20184,03819444,51,0,1,100,D,1,D,07,D,3000,D,,A,,A,2,D,,A,03,D
20184,03819504,54,0,1,160,D,3,D,07,D,,A,,A,,A,2,D,,A,04,D
20184,03819954,77,0,1,110,D,2,D,08,D,,A,,A,,A,2,D,,A,01,D
20184,03820194,40,0,1,100,D,1,D,09,D,150,D,,A,,A,2,D,,A,02,D
20184,03822114,19,0,1,110,D,2,D,08,D,,A,,A,,A,1,D,,A,01,D
20184,03822444,33,0,1,100,D,2,D,09,D,,A,,A,,A,2,D,,A,04,D
20184,03822554,9,0,1,110,D,4,D,09,D,,A,,A,,A,2,D,,A,01,D
20184,03822734,28,0,1,110,D,1,D,07,D,400,D,,A,,A,2,D,,A,01,D
20184,03822764,36,0,1,100,D,1,D,08,D,4000,D,,A,,A,2,D,,A,01,D
20184,03823024,38,0,1,160,D,1,D,08,D,1500,D,,A,,A,2,D,,A,03,D
20184,03823054,26,0,1,110,D,3,D,07,D,,A,,A,,A,2,D,,A,01,D
20184,03823304,22,0,1,100,D,6,D,09,D,,A,,A,,A,2,D,,A,02,D
20184,03823554,34,0,1,110,D,3,D,09,D,,A,,A,,A,2,D,,A,03,D
20184,03824434,23,0,1,100,D,3,D,07,D,,A,,A,,A,2,D,,A,03,D
20184,03825024,44,0,1,110,D,4,D,09,D,,A,,A,,A,2,D,,A,04,D
20184,03826004,37,0,1,110,D,1,D,08,D,37000,D,,A,,A,2,D,,A,01,D
20184,03826004,38,0,1,100,D,1,D,09,D,70000,D,,A,,A,2,D,,A,02,D
20184,03826044,18,0,1,100,D,2,D,08,D,,A,,A,,A,2,D,,A,02,D
20184,03826094,18,0,2,100,D,1,D,07,D,1450,D,,A,,A,2,D,,A,02,D
20184,03826524,14,0,2,150,D,3,D,07,D,,A,,A,,A,2,D,,A,02,D
20184,03826644,23,0,1,130,D,1,D,09,D,4500,D,,A,,A,2,D,,A,03,D
20184,03827044,33,0,1,110,D,3,D,08,D,,A,,A,,A,2,D,,A,03,D
20184,03827234,27,0,1,110,D,6,D,09,D,,A,,A,,A,2,D,,A,01,D
20184,03827264,11,0,2,100,D,6,D,07,D,,A,,A,,A,2,D,,A,01,D
20184,03827264,12,0,2,110,D,6,D,07,D,,A,,A,,A,2,D,,A,02,D
20184,03827714,18,0,1,100,D,6,D,07,D,,A,,A,,A,2,D,,A,01,D
20184,03828164,8,0,1,100,D,2,D,08,D,,A,,A,,A,2,D,,A,01,D
20184,03828414,24,0,1,100,D,1,D,08,D,3500,D,,A,,A,2,D,,A,04,D
20184,03828714,23,0,1,100,D,2,D,08,D,,A,,A,,A,2,D,,A,01,D
20184,03839914,37,0,2,100,D,6,D,08,D,,A,,A,,A,2,D,,A,01,D
20184,03840054,52,0,1,100,D,4,D,10,D,,A,4800,D,,A,2,D,,A,01,D
20184,03840064,24,0,1,100,D,2,D,10,D,,A,,A,,A,2,D,,A,01,D
20184,03840124,31,0,1,200,D,6,D,10,D,,A,,A,,A,2,D,,A,03,D
20184,03841024,26,0,1,100,D,2,D,08,D,,A,,A,,A,2,D,,A,01,D
20184,03841184,29,0,1,110,D,1,D,09,D,2750,D,,A,,A,2,D,,A,01,D
20184,03841224,15,0,1,100,D,2,D,10,D,,A,,A,,A,1,D,,A,01,D
20184,03841494,19,0,1,100,D,1,D,08,D,1500,D,,A,,A,2,D,,A,02,D
20184,03841834,22,0,1,110,D,1,D,08,D,28000,D,,A,,A,2,D,,A,02,D
20184,03841904,31,0,1,100,D,1,D,10,D,11000,D,,A,,A,2,D,,A,01,D
20184,03842024,15,0,1,100,D,2,D,09,D,,A,,A,,A,2,D,,A,01,D
20184,03842114,44,0,1,110,D,6,D,08,D,,A,,A,,A,2,D,,A,04,D
20184,03844684,32,0,1,100,D,6,D,09,D,,A,,A,,A,2,D,,A,02,D
20184,03844684,33,0,1,110,D,6,D,09,D,,A,,A,,A,2,D,,A,03,D
20184,03845084,14,0,1,110,D,1,D,09,D,1500,F,,A,,A,2,D,,A,03,D
20184,03845574,34,0,1,110,D,6,D,09,D,,A,,A,,A,2,D,,A,01,D
20184,03845574,35,0,1,110,D,6,D,08,D,,A,,A,,A,2,D,,A,02,D
20184,03845574,36,0,1,130,D,6,D,08,D,,A,,A,,A,2,D,,A,03,D
20184,03846054,21,0,1,110,D,1,D,10,D,450,D,,A,,A,2,D,,A,04,D
20184,03847104,41,0,1,100,D,3,D,09,D,,A,,A,,A,2,D,,A,03,D
20184,03847104,42,0,1,100,D,3,D,10,D,,A,,A,,A,2,D,,A,04,D
20184,03847784,22,0,1,110,D,1,D,08,D,3500,D,,A,,A,1,D,3500,D,02,D
20184,03847954,24,0,1,110,D,6,D,09,D,,A,,A,,A,2,D,,A,01,D
20184,03847954,25,0,1,100,D,6,D,08,D,,A,,A,,A,2,D,,A,02,D
20184,03848614,51,0,1,100,D,3,D,09,D,,A,,A,,A,2,D,,A,02,D
20184,03849114,20,0,1,100,D,2,D,08,D,,A,,A,,A,2,D,,A,01,D
20184,03849544,27,0,2,110,D,2,D,08,D,,A,,A,,A,1,D,,A,01,D
20184,03849764,36,0,1,110,D,1,D,09,D,15000,D,,A,,A,1,D,10000,D,02,D
20184,03849764,37,0,2,110,D,1,D,08,D,5500,D,,A,,A,2,D,,A,04,D
20184,03849864,18,0,1,100,D,2,D,09,D,,A,,A,,A,2,D,,A,01,D
20184,03849904,29,0,1,100,D,1,D,10,D,500,D,,A,,A,2,D,,A,02,D
20184,03850474,38,0,1,110,D,1,D,10,D,3500,D,,A,,A,2,D,,A,01,D
20184,03850734,34,0,1,110,D,1,D,09,D,24000,D,,A,,A,1,D,24000,D,02,D
20184,03851334,23,0,1,100,D,6,D,09,D,,A,,A,,A,1,D,,A,03,D
20184,03851334,24,0,1,100,D,6,D,11,D,,A,,A,,A,1,D,,A,04,D
20184,03851334,25,0,1,110,D,6,D,09,D,,A,,A,,A,2,D,,A,06,D
20184,03851744,32,0,1,100,D,3,D,10,D,,A,,A,,A,2,D,,A,03,D
20184,03851764,9,0,1,100,D,2,D,09,D,,A,,A,,A,2,D,,A,01,D
20184,03851824,33,0,1,110,D,1,D,10,D,6000,D,,A,,A,2,D,,A,01,D
20184,03852644,43,0,2,100,D,1,D,09,D,500,D,,A,,A,2,D,,A,02,D
20184,03852794,12,0,1,110,D,6,D,10,D,,A,,A,,A,2,D,,A,01,D
20184,03853224,38,0,1,100,D,4,D,10,D,,A,2000,D,,A,2,D,,A,04,D
20184,03853714,20,0,1,110,D,2,D,10,D,,A,,A,,A,2,D,,A,03,D
20184,03853794,26,0,1,110,D,3,D,10,D,,A,,A,,A,2,D,,A,02,D
20184,03854054,37,0,1,100,D,2,D,09,D,,A,,A,,A,2,D,,A,02,D
20184,03854414,34,0,1,100,D,4,D,10,D,,A,4800,D,,A,2,D,,A,03,D
20184,03854614,23,0,1,110,D,6,D,10,D,,A,,A,,A,2,D,,A,01,D
20184,03854694,27,0,1,110,D,2,D,11,D,,A,,A,,A,2,D,,A,01,D
20184,03854964,31,0,1,100,D,1,D,11,D,1000,D,,A,,A,2,D,,A,01,D
20184,03855074,41,0,1,110,D,2,D,10,D,,A,,A,,A,1,D,,A,02,D
20184,03855084,12,0,1,110,D,1,D,11,D,2700,D,,A,,A,2,D,,A,03,D
20184,03855134,31,0,1,100,D,4,D,11,D,,A,5500,D,,A,2,D,,A,01,D
20184,03855944,20,0,1,110,D,2,D,11,D,,A,,A,,A,1,D,,A,01,D
20184,03856514,84,0,1,100,D,6,D,09,D,,A,,A,,A,2,D,,A,02,D
20184,03857184,34,0,2,110,D,4,D,09,D,,A,,A,150,D,2,D,,A,03,D
20184,03857504,67,0,1,100,D,2,D,09,D,,A,,A,,A,1,D,6200,D,04,D
20184,03857634,25,0,1,100,D,4,D,09,D,,A,13000,F,,A,2,D,,A,01,D
20184,03857654,37,0,2,100,D,3,D,09,D,,A,,A,,A,2,D,,A,05,D
20184,03858034,32,0,1,110,D,6,D,11,D,,A,,A,,A,1,D,,A,05,D
20184,03858814,41,0,1,100,D,2,D,11,D,,A,,A,,A,2,D,,A,01,D
20184,03858844,38,0,1,100,D,1,D,11,D,210,D,,A,,A,2,D,,A,01,D
20184,03858934,28,0,1,110,D,2,D,09,D,,A,,A,,A,1,D,7000,D,01,D
20184,03860014,35,0,1,100,D,6,D,09,D,,A,,A,,A,1,D,,A,02,D
20184,03860054,42,0,1,100,D,4,D,10,D,,A,5500,D,,A,2,D,,A,02,D
20184,03860214,31,0,1,100,D,2,D,11,D,,A,,A,,A,1,D,,A,02,D
20184,03891533,16,0,1,100,D,3,D,09,D,,A,,A,,A,2,D,,A,01,D
20184,03891603,18,0,1,100,D,2,D,08,D,,A,,A,,A,2,D,,A,01,D
20184,03891883,15,0,1,100,D,6,D,07,D,,A,,A,,A,2,D,,A,02,D
20184,03892823,22,0,2,100,D,1,D,07,D,6800,D,,A,,A,2,D,,A,01,D
20184,03892853,20,0,1,100,D,3,D,07,D,,A,,A,,A,2,D,,A,02,D
20184,03892863,26,0,1,100,D,2,D,08,D,,A,,A,,A,1,D,,A,02,D
20184,03893053,40,0,1,150,D,4,D,07,D,,A,4500,D,,A,2,D,,A,04,D
20184,03893233,44,0,1,110,D,2,D,07,D,,A,,A,,A,2,D,,A,02,D
20184,03894093,24,0,1,100,D,1,D,07,D,2200,D,,A,,A,2,D,,A,03,D
20184,03894973,38,0,1,100,D,1,D,09,D,1000,D,,A,,A,2,D,,A,04,D
20184,03895113,35,0,1,110,D,2,D,09,D,,A,,A,,A,2,D,,A,01,D
20184,03895323,36,0,2,110,D,2,D,07,D,,A,,A,,A,2,D,,A,01,D
20184,03895913,38,0,1,100,D,2,D,07,D,,A,,A,,A,2,D,,A,01,D
20184,03896193,34,0,1,100,D,2,D,07,D,,A,,A,,A,2,D,,A,04,D
20184,03897193,38,0,1,100,D,6,D,09,D,,A,,A,,A,1,D,,A,05,D
20184,03897343,27,0,1,110,D,4,D,07,D,,A,150,F,,A,2,D,,A,03,D
20184,03897593,14,0,1,110,D,6,D,09,D,,A,,A,,A,2,D,,A,01,D
20184,03897593,15,0,1,110,D,6,D,07,D,,A,,A,,A,2,D,,A,02,D
20184,03897593,16,0,1,100,D,6,D,07,D,,A,,A,,A,2,D,,A,03,D
20184,03898213,9,0,1,110,D,1,D,08,D,450,D,,A,,A,2,D,,A,01,D
20184,03898313,8,0,1,110,D,1,D,07,D,100,D,,A,,A,2,D,,A,01,D
20184,03898423,28,0,1,100,D,6,D,07,D,,A,,A,,A,,C,,A,01,D
20184,03898873,11,0,1,100,D,4,D,09,D,,A,,A,,A,2,D,,A,01,D
20184,03898943,24,0,1,100,D,6,D,08,D,,A,,A,,A,2,D,,A,02,D
20184,03899283,21,0,1,100,D,4,D,08,D,,A,6700,D,,A,2,D,,A,03,D
20184,03899523,13,0,1,100,D,1,D,09,D,750,D,,A,,A,2,D,,A,01,D
20184,03900163,17,0,1,110,D,4,D,07,D,,A,150,D,,A,2,D,,A,01,D
20184,03900333,33,0,2,110,D,2,D,07,D,,A,,A,,A,2,D,,A,01,D
20184,03900883,68,0,1,160,D,1,D,09,D,1200,D,,A,,A,2,D,,A,07,D
20184,03900883,69,0,1,170,D,3,D,07,D,,A,,A,,A,2,D,,A,08,D
20184,03901143,18,0,1,100,D,2,D,07,D,,A,,A,,A,2,D,,A,01,D
20184,03901613,27,0,1,110,D,1,D,09,D,9000,D,,A,,A,2,D,,A,02,D
20184,03901853,49,0,1,100,D,1,D,08,D,460,D,,A,,A,2,D,,A,03,D
20184,03901853,50,0,1,100,D,6,D,09,D,,A,,A,,A,1,D,,A,05,D
20184,03901853,51,0,1,150,D,6,D,09,D,,A,,A,,A,2,D,,A,09,D
20184,03903133,40,0,2,110,D,6,D,08,D,,A,,A,,A,2,D,,A,01,D
20184,03903133,41,0,2,110,D,6,D,08,D,,A,,A,,A,2,D,,A,02,D
20184,03903703,37,0,1,100,D,1,D,09,D,140,D,,A,,A,2,D,,A,02,D
20184,03904253,25,0,1,100,D,6,D,09,D,,A,,A,,A,2,D,,A,01,D
20184,03904253,26,0,1,110,D,6,D,09,D,,A,,A,,A,2,D,,A,02,D
20184,03904483,11,0,1,100,D,4,D,10,D,,A,2700,D,,A,1,D,,A,01,D
20184,03905253,58,0,1,100,D,1,D,10,D,2000,D,,A,,A,2,D,,A,01,D
20184,03905413,19,0,1,110,D,6,D,08,D,,A,,A,,A,2,D,,A,01,D
20184,03905673,24,0,1,100,D,6,D,10,D,,A,,A,,A,,C,,A,02,D
20184,03905713,35,0,1,110,D,1,D,09,D,25500,D,,A,,A,1,D,19900,D,02,D
20184,03905863,12,0,1,100,D,6,D,10,D,,A,,A,,A,2,D,,A,01,D
20184,03905953,28,0,1,100,D,4,D,08,D,,A,150,D,,A,2,D,,A,01,D
20184,03905973,22,0,1,110,D,1,D,10,D,2000,D,,A,,A,2,D,,A,03,D
20184,03906003,47,0,1,100,D,1,D,09,D,200,D,,A,,A,2,D,,A,08,D
20184,03906763,30,0,1,100,D,2,D,08,D,,A,,A,,A,2,D,,A,03,D
20184,03907113,16,0,2,110,D,6,D,08,D,,A,,A,,A,2,D,,A,02,D
20184,03907293,81,0,2,100,D,2,D,08,D,,A,,A,,A,2,D,,A,02,D
20184,03907703,25,0,1,110,D,1,D,08,D,400,F,,A,,A,2,D,,A,01,D
20184,03907703,26,0,1,100,D,1,D,09,D,1450,F,,A,,A,2,D,,A,02,D
20184,03908203,23,0,1,110,D,1,D,09,D,4000,D,,A,,A,2,D,,A,01,D
20184,03908253,20,0,1,100,D,1,D,10,D,1900,D,,A,,A,2,D,,A,02,D
20184,03908473,37,0,2,100,D,1,D,08,D,500,D,,A,,A,2,D,,A,01,D
20184,03909083,24,0,1,110,D,4,D,08,D,,A,,A,,A,2,D,,A,04,D
20184,03910123,33,0,1,110,D,3,D,08,D,,A,,A,,A,1,D,,A,01,D
20184,03910493,54,0,1,100,D,2,D,10,D,,A,,A,,A,1,D,7000,D,01,D
20184,03910613,41,0,1,100,D,1,D,10,D,2000,D,,A,,A,2,D,,A,03,D
20184,03911263,25,0,1,100,D,1,D,10,D,500,D,,A,,A,2,D,,A,02,D
20184,03911263,26,0,1,100,D,3,D,08,D,,A,,A,,A,2,D,,A,03,D
20184,03912633,25,0,1,110,D,4,D,10,D,,A,,A,,A,2,D,,A,02,D
20184,03922853,34,0,1,110,D,2,D,11,D,,A,,A,,A,2,D,,A,01,D
20184,03922853,35,0,1,110,D,1,D,09,D,5500,D,,A,,A,2,D,,A,03,D
20184,03923043,56,0,1,130,D,1,D,11,D,11000,D,,A,,A,2,D,,A,03,D
20184,03923723,17,0,1,110,D,1,D,10,D,1400,D,,A,,A,2,D,,A,02,D
20184,03923853,21,0,1,100,D,1,D,10,D,500,D,,A,,A,2,D,,A,02,D
20184,03924033,15,0,1,100,D,4,D,11,D,,A,,A,500,F,2,D,,A,02,D
20184,03924243,26,0,1,100,D,4,D,11,D,,A,5033,D,,A,2,D,,A,01,D
20184,03924393,38,0,1,100,D,6,D,09,D,,A,,A,,A,,C,,A,02,D
20184,03924393,39,0,1,100,D,3,D,09,D,,A,,A,,A,2,D,,A,03,D
20184,03924443,25,0,1,100,D,3,D,11,D,,A,,A,,A,2,D,,A,03,D
20184,03924903,20,0,1,100,D,2,D,10,D,,A,,A,,A,2,D,,A,01,D
20184,03925193,41,0,1,110,D,3,D,10,D,,A,,A,,A,2,D,,A,02,D
20184,03925203,11,0,2,100,D,1,D,09,D,1700,D,,A,,A,2,D,,A,01,D
20184,03925933,16,0,1,100,D,5,D,11,D,,A,,A,,A,2,D,,A,01,D
20184,03926163,16,0,1,100,D,4,D,09,D,,A,5000,D,,A,2,D,,A,01,D
20184,03926243,42,0,2,100,D,1,D,09,D,7900,D,,A,,A,1,D,3200,D,02,D
20184,03927173,35,0,1,200,D,6,D,10,D,,A,,A,,A,2,D,,A,03,D
20184,03927173,36,0,1,200,D,6,D,10,D,,A,,A,,A,2,D,,A,04,D
20184,03927173,37,0,1,200,D,6,D,10,D,,A,,A,,A,2,D,,A,05,D
20184,03927553,27,0,1,100,D,3,D,11,D,,A,,A,,A,2,D,,A,01,D
20184,03927553,28,0,1,200,D,6,D,11,D,,A,,A,,A,2,D,,A,03,D
20184,03927553,29,0,1,200,D,6,D,09,D,,A,,A,,A,2,D,,A,04,D
20184,03927613,26,0,1,110,D,3,D,09,D,,A,,A,,A,2,D,,A,02,D
20184,03928333,35,0,1,110,D,4,D,11,D,,A,14000,D,,A,2,D,,A,02,D
20184,03928423,51,0,1,110,D,6,D,11,D,,A,,A,,A,,C,,A,01,D
20184,03928753,39,0,1,100,D,2,D,11,D,,A,,A,,A,2,D,,A,01,D
20184,03929133,22,0,1,110,D,1,D,09,D,3000,D,,A,,A,2,D,,A,02,D
20184,03929423,32,0,1,100,D,4,D,09,D,,A,3000,D,,A,2,D,,A,01,D
20184,03929683,12,0,1,110,D,1,D,11,D,3500,D,,A,,A,2,D,,A,01,D
20184,03929923,48,0,1,110,D,6,D,10,D,,A,,A,,A,2,D,,A,01,D
20184,03929923,49,0,1,110,D,6,D,10,D,,A,,A,,A,2,D,,A,02,D
20184,03929923,50,0,1,110,D,6,D,10,D,,A,,A,,A,2,D,,A,03,D
20184,03930593,41,0,1,110,D,1,D,11,D,100,D,,A,,A,2,D,,A,02,D
20184,03930833,31,0,1,100,D,2,D,11,D,,A,,A,,A,2,D,,A,01,D
20184,03930833,32,0,1,100,D,6,D,10,D,,A,,A,,A,2,D,,A,02,D
20184,03931713,39,0,1,110,D,1,D,11,D,2700,D,,A,,A,2,D,,A,01,D
20184,03932213,24,0,1,100,D,1,D,10,D,35000,D,,A,,A,2,D,,A,02,D
20184,03932573,29,0,1,100,D,3,D,09,D,,A,,A,,A,2,D,,A,03,D
20184,03932763,37,0,1,110,D,3,D,10,D,,A,,A,,A,2,D,,A,04,D
20184,03944032,32,0,1,110,D,2,D,07,D,,A,,A,,A,1,D,20000,F,02,D
20184,03944412,32,0,1,150,D,2,D,07,D,,A,,A,,A,2,D,,A,03,D
20184,03944412,33,0,1,150,D,2,D,07,D,,A,,A,,A,2,D,,A,04,D
20184,03944482,33,0,1,100,D,1,D,08,D,225,D,,A,,A,2,D,,A,03,D
20184,03945002,26,0,1,100,D,2,D,09,D,,A,,A,,A,2,D,,A,01,D
20184,03945002,27,0,1,100,D,2,D,09,D,,A,,A,,A,2,D,,A,03,D
20184,03946012,34,0,1,100,D,2,D,08,D,,A,,A,,A,2,D,,A,01,D
20184,03946102,37,0,1,110,D,1,D,07,D,11000,D,,A,,A,2,D,,A,02,D
20184,03946822,37,0,1,110,D,3,D,09,D,,A,,A,,A,2,D,,A,03,D
20184,03946972,38,0,1,110,D,1,D,07,D,4000,D,,A,,A,2,D,,A,01,D
20184,03947162,26,0,1,100,D,2,D,08,D,,A,,A,,A,2,D,,A,01,D
20184,03947664,61,0,1,110,D,2,D,09,D,,A,,A,,A,2,D,,A,01,D
20184,03947812,31,0,1,140,D,1,D,08,D,3900,D,,A,,A,2,D,,A,04,D
20184,03947892,28,0,1,100,D,4,D,09,D,,A,,A,,A,2,D,,A,01,D
20184,03948092,20,0,1,100,D,2,D,08,D,,A,,A,,A,2,D,,A,01,D
20184,03948252,38,0,1,180,D,1,D,07,D,500,D,,A,,A,2,D,,A,08,D
20184,03948542,36,0,1,110,D,1,D,08,D,1000,D,,A,,A,2,D,,A,02,D
20184,03948542,37,0,1,100,D,2,D,07,D,,A,,A,,A,2,D,,A,03,D
20184,03948942,29,0,1,110,D,6,D,07,D,,A,,A,,A,,C,,A,02,D
20184,03949322,66,0,1,100,D,2,D,07,D,,A,,A,,A,2,D,,A,03,D
20184,03950282,16,0,1,100,D,2,D,08,D,,A,,A,,A,2,D,,A,02,D
20184,03950392,33,0,1,100,D,3,D,08,D,,A,,A,,A,2,D,,A,03,D
20184,03950804,21,0,1,110,D,1,D,09,D,500,D,,A,,A,2,D,,A,02,D
20184,03950872,25,0,1,110,D,2,D,09,D,,A,,A,,A,1,D,11800,D,01,D
20184,03951172,16,0,1,100,D,2,D,08,D,,A,,A,,A,2,D,,A,01,D
20184,03951222,15,0,1,100,D,1,D,07,D,300,D,,A,,A,2,D,,A,02,D
20184,03951232,16,0,1,100,D,6,D,08,D,,A,,A,,A,2,D,,A,01,D
20184,03951622,15,0,1,100,D,1,D,09,D,100,D,,A,,A,2,D,,A,03,D
20184,03951642,10,0,1,100,D,2,D,08,D,,A,,A,,A,2,D,,A,01,D
20184,03951952,52,0,1,110,D,3,D,08,D,,A,,A,,A,2,D,,A,02,D
20184,03952072,47,0,1,110,D,2,D,07,D,,A,,A,,A,2,D,,A,02,D
20184,03952322,39,0,1,100,D,1,D,09,D,250,D,,A,,A,2,D,,A,03,D
20184,03952582,14,0,1,100,D,6,D,09,D,,A,,A,,A,2,D,,A,02,D
20184,03952692,9,0,1,100,D,6,D,07,D,,A,,A,,A,1,D,,A,01,D
20184,03953012,28,0,1,100,D,3,D,08,D,,A,,A,,A,2,D,,A,03,D
20184,03953422,12,0,1,100,D,3,D,09,D,,A,,A,,A,2,D,,A,03,D
20184,03954092,21,0,1,100,D,3,D,08,D,,A,,A,,A,2,D,,A,01,D
20184,03954152,25,0,1,110,D,2,D,07,D,,A,,A,,A,1,D,22000,D,01,D
20184,03954462,30,0,1,110,D,1,D,09,D,5000,D,,A,,A,2,D,,A,04,D
20184,03965392,22,0,1,150,D,1,D,08,D,2500,D,,A,,A,2,D,,A,04,D
20184,03965592,45,0,1,100,D,1,D,09,D,600,D,,A,,A,2,D,,A,03,D
20184,03965592,46,0,1,100,D,1,D,08,D,9000,D,,A,,A,1,D,9000,D,07,D
20184,03965872,11,0,1,100,D,1,D,09,D,800,D,,A,,A,2,D,,A,01,D
20184,03966102,62,0,1,200,D,1,D,10,D,5000,D,,A,,A,2,D,,A,07,D
20184,03966652,18,0,1,110,D,1,D,09,D,600,D,,A,,A,2,D,,A,03,D
20184,03967382,27,0,1,100,D,3,D,10,D,,A,,A,,A,2,D,,A,02,D
20184,03968142,29,0,1,200,D,1,D,08,D,1000,D,,A,,A,2,D,,A,03,D
20184,03968562,41,0,1,100,D,2,D,08,D,,A,,A,,A,2,D,,A,02,D
20184,03968792,17,0,1,110,D,2,D,08,D,,A,,A,,A,2,D,,A,01,D
20184,03970192,21,0,1,110,D,2,D,08,D,,A,,A,,A,2,D,,A,03,D
20184,03970402,41,0,1,100,D,6,D,10,D,,A,,A,,A,2,D,,A,03,D
20184,03970512,23,0,1,110,D,1,D,09,D,1500,D,,A,,A,2,D,,A,03,D
20184,03971012,22,0,1,110,D,4,D,08,D,,A,3000,D,,A,2,D,,A,01,D
20184,03971472,55,0,1,110,D,2,D,08,D,,A,,A,,A,2,D,,A,02,D
20184,03971482,26,0,1,100,D,1,D,08,D,7800,D,,A,,A,2,D,,A,03,D
20184,03971902,65,0,1,180,D,6,D,09,D,,A,,A,,A,2,D,,A,09,D
20184,03972402,34,0,1,120,D,6,D,10,D,,A,,A,,A,2,D,,A,04,D
20184,03973622,42,0,1,100,D,2,D,09,D,,A,,A,,A,1,D,,A,02,D
20184,03973622,43,0,1,150,D,2,D,09,D,,A,,A,,A,2,D,,A,04,D
20184,03973782,14,0,1,110,D,1,D,09,D,1000,D,,A,,A,2,D,,A,02,D
20184,03974102,56,0,1,110,D,4,D,09,D,,A,800,D,,A,1,D,4000,F,02,D
20184,03974632,34,0,1,100,D,6,D,09,D,,A,,A,,A,2,D,,A,03,D
20184,03974662,21,0,1,110,D,2,D,10,D,,A,,A,,A,2,D,,A,01,D
20184,03974892,60,0,1,110,D,6,D,10,D,,A,,A,,A,1,D,,A,03,D
20184,03986142,20,0,1,110,D,2,D,10,D,,A,,A,,A,1,D,22000,F,01,D
20184,03986252,24,0,1,200,D,6,D,09,D,,A,,A,,A,2,D,,A,02,D
20184,03986912,36,0,1,110,D,1,D,09,D,4000,D,,A,,A,1,D,4000,D,02,D
20184,03987162,35,0,1,100,D,6,D,11,D,,A,,A,,A,2,D,,A,03,D
20184,03987372,14,0,1,100,D,2,D,10,D,,A,,A,,A,2,D,,A,01,D
20184,03988232,27,0,1,110,D,2,D,09,D,,A,,A,,A,2,D,,A,02,D
20184,03988422,80,0,1,100,D,4,D,10,D,,A,13000,D,,A,1,D,4500,D,04,D
20184,03989072,40,0,1,200,D,6,D,11,D,,A,,A,,A,2,D,,A,02,D
20184,03989072,41,0,1,200,D,6,D,10,D,,A,,A,,A,2,D,,A,03,D
20184,03989072,42,0,1,120,D,1,D,10,D,3500,D,,A,,A,2,D,,A,04,D
20184,03989142,39,0,1,100,D,2,D,09,D,,A,,A,,A,2,D,,A,02,D
20184,03989402,22,0,1,110,D,3,D,10,D,,A,,A,,A,2,D,,A,01,D
20184,03989402,23,0,1,110,D,1,D,10,D,5000,D,,A,,A,2,D,,A,02,D
20184,03989552,44,0,1,100,D,2,D,10,D,,A,,A,,A,2,D,,A,04,D
20184,03989562,16,0,1,180,D,6,D,09,D,,A,,A,,A,2,D,,A,05,D
20184,03989632,32,0,1,100,D,2,D,11,D,,A,,A,,A,2,D,,A,01,D
20184,03989632,33,0,1,110,D,1,D,11,D,13400,D,,A,,A,2,D,,A,02,D
20184,03990642,40,0,1,100,D,3,D,10,D,,A,,A,,A,2,D,,A,03,D
20184,03990992,20,0,1,110,D,2,D,11,D,,A,,A,,A,1,D,20000,D,03,D
20184,03991072,18,0,1,110,D,6,D,10,D,,A,,A,,A,2,D,,A,02,D
20184,03991102,26,0,1,100,D,2,D,11,D,,A,,A,,A,2,D,,A,02,D
20184,03991912,21,0,1,200,D,6,D,10,D,,A,,A,,A,2,D,,A,01,D
20184,03991912,22,0,1,200,D,6,D,11,D,,A,,A,,A,2,D,,A,02,D
20184,03992272,19,0,1,110,D,4,D,10,D,,A,,A,,A,2,D,,A,01,D
20184,03992342,59,0,1,110,D,1,D,10,D,3000,D,,A,,A,2,D,,A,07,D
20184,03992722,26,0,1,110,D,4,D,11,D,,A,,A,150,F,2,D,,A,01,D
20184,03993482,32,0,1,100,D,3,D,11,D,,A,,A,,A,2,D,,A,03,D
20184,03993602,44,0,1,100,D,1,D,09,D,6200,D,,A,,A,2,D,,A,03,D
20184,03993652,25,0,1,110,D,2,D,11,D,,A,,A,,A,2,D,,A,01,D
20184,03993822,32,0,1,110,D,1,D,10,D,800,D,,A,,A,2,D,,A,01,D
20184,03994012,41,0,1,130,D,1,D,11,D,1400,D,,A,,A,2,D,,A,03,D
20184,03994573,22,0,1,100,D,3,D,09,D,,A,,A,,A,2,D,,A,01,D
20184,03995232,30,0,1,150,D,3,D,11,D,,A,,A,,A,2,D,,A,02,D
20184,03995232,31,0,1,100,D,1,D,11,D,600,D,,A,,A,2,D,,A,03,D
20184,03995812,8,0,1,110,D,3,D,09,D,,A,,A,,A,2,D,,A,02,D
20184,03995872,18,0,1,100,D,6,D,10,D,,A,,A,,A,2,D,,A,02,D
20184,03996022,32,0,1,110,D,1,D,11,D,4000,D,,A,,A,2,D,,A,03,D
20184,03996322,27,0,1,100,D,6,D,10,D,,A,,A,,A,2,D,,A,01,D
20184,04011961,26,0,1,100,D,4,D,08,D,,A,10000,D,,A,2,D,,A,07,D
20184,04012731,22,0,1,100,D,3,D,07,D,,A,,A,,A,2,D,,A,02,D
20184,04013821,39,0,1,100,D,1,D,07,D,250,D,,A,,A,2,D,,A,02,D
20184,04016811,27,0,1,100,D,4,D,08,D,,A,2159,D,,A,2,D,,A,01,D
20184,04017261,41,0,1,100,D,1,D,08,D,3200,D,,A,,A,2,D,,A,01,D
20184,04030031,35,0,1,110,D,1,D,10,D,5000,D,,A,,A,2,D,,A,06,D
20184,04030031,36,0,1,110,D,1,D,10,D,2400,D,,A,,A,2,D,,A,07,D
20184,04030611,29,0,1,100,D,1,D,10,D,4500,D,,A,,A,2,D,,A,03,D
20184,04030621,35,0,1,100,D,2,D,10,D,,A,,A,,A,2,D,,A,03,D
20184,04030651,16,0,1,110,D,1,D,09,D,13000,D,,A,,A,2,D,,A,02,D
20184,04033181,33,0,1,110,D,2,D,10,D,,A,,A,,A,2,D,,A,04,D
20184,04034291,35,0,1,180,D,6,D,08,D,,A,,A,,A,2,D,,A,05,D
20184,04034291,36,0,1,200,D,6,D,08,D,,A,,A,,A,2,D,,A,06,D
20184,04035581,36,0,1,100,D,3,D,08,D,,A,,A,,A,2,D,,A,04,D
20184,04035621,25,0,1,130,D,1,D,09,D,2500,D,,A,,A,2,D,,A,04,D
20184,04036461,17,0,1,110,D,6,D,10,D,,A,,A,,A,2,D,,A,02,D
20184,04038971,38,0,1,110,D,1,D,10,D,1000,D,,A,,A,2,D,,A,08,D
20184,04040871,25,0,1,110,D,2,D,11,D,,A,,A,,A,2,D,,A,05,D
20184,04046651,14,0,1,110,D,3,D,10,D,,A,,A,,A,2,D,,A,02,D
20184,04047441,45,0,1,110,D,1,D,11,D,1500,D,,A,,A,2,D,,A,03,D
20191,03892064,17,0,1,110,D,4,D,10,D,,A,8000,D,,A,1,D,4000,D,01,D
20191,03893234,36,0,1,100,D,2,D,11,D,,A,,A,,A,2,D,,A,01,D
20191,03893334,38,0,1,100,D,4,D,11,D,,A,6720,D,,A,2,D,,A,01,D
20191,03893484,17,0,1,110,D,1,D,12,D,800,D,,A,,A,2,D,,A,01,D
20191,03893854,31,0,1,110,D,2,D,11,D,,A,,A,,A,2,D,,A,01,D
20191,03894094,23,0,1,110,D,4,D,10,D,,A,200,D,,A,2,D,,A,01,D
20191,03894854,28,0,1,100,D,6,D,12,D,,A,,A,,A,2,D,,A,01,D
20191,03895024,4,0,1,100,D,,C,11,D,,A,,A,,A,,C,,A,01,D
20191,03895484,40,0,1,100,D,1,D,10,D,5000,D,,A,,A,2,D,,A,03,D
20191,03895524,13,0,1,100,D,6,D,11,D,,A,,A,,A,,C,,A,01,D
20191,03895524,14,0,1,100,D,6,D,11,D,,A,,A,,A,2,D,,A,02,D
20191,03895904,36,0,1,100,D,4,D,12,D,,A,11770,D,,A,2,D,,A,01,D
20191,03896714,11,0,1,100,D,1,D,11,D,3500,D,,A,,A,2,D,,A,02,D
20191,03896734,14,0,1,100,D,3,D,11,D,,A,,A,,A,2,D,,A,01,D
20191,03896904,13,0,1,100,D,3,D,12,D,,A,,A,,A,2,D,,A,01,D
20191,03897114,23,0,2,110,D,6,D,10,D,,A,,A,,A,2,D,,A,02,D
20191,03897764,21,0,1,110,D,2,D,10,D,,A,,A,,A,2,D,,A,02,D
20191,03897764,22,0,1,110,D,2,D,10,D,,A,,A,,A,2,D,,A,03,D
20191,03898114,23,0,2,110,D,1,D,10,D,600,D,,A,,A,2,D,,A,01,D
20191,03898424,34,0,1,150,D,6,D,12,D,,A,,A,,A,,C,,A,02,D
20191,03898784,45,0,1,100,D,1,D,11,D,2000,D,,A,,A,2,D,,A,04,D
20191,03899004,13,0,1,100,D,4,D,10,D,,A,200,D,,A,2,D,,A,01,D
20191,03899794,19,0,1,100,D,4,D,12,D,,A,2500,D,,A,2,D,,A,01,D
20191,03900884,77,0,1,100,D,3,D,12,D,,A,,A,,A,2,D,,A,01,D
20191,03901084,20,0,1,110,D,1,D,11,D,1000,D,,A,,A,2,D,,A,01,D
20191,03901384,26,0,1,110,D,2,D,11,D,,A,,A,,A,1,D,53000,D,01,D
20191,03901734,18,0,1,110,D,3,D,12,D,,A,,A,,A,2,D,,A,01,D
20191,03901794,31,0,1,100,D,1,D,12,D,4500,D,,A,,A,2,D,,A,02,D
20191,03901804,19,0,1,100,D,1,D,12,D,500,D,,A,,A,2,D,,A,01,D
20191,03902044,37,0,1,100,D,1,D,01,D,8000,D,,A,,A,2,D,,A,01,D
20191,03902054,23,0,1,100,D,2,D,11,D,,A,,A,,A,2,D,,A,01,D
20191,03903164,35,0,1,170,D,6,D,01,D,,A,,A,,A,2,D,,A,05,D
20191,03903924,62,0,1,110,D,2,D,11,D,,A,,A,,A,2,D,,A,02,D
20191,03904774,42,0,1,100,D,3,D,12,D,,A,,A,,A,2,D,,A,01,D
20191,03904964,41,0,1,100,D,4,D,01,D,,A,5800,D,,A,2,D,,A,03,D
20191,03905174,37,0,1,100,D,6,D,12,D,,A,,A,,A,1,D,,A,02,D
20191,03905174,38,0,1,100,D,6,D,12,D,,A,,A,,A,2,D,,A,03,D
20191,03905694,20,0,1,100,D,3,D,11,D,,A,,A,,A,1,D,,A,01,D
20191,03905984,16,0,1,110,D,2,D,12,D,,A,,A,,A,2,D,,A,02,D
20191,03906174,31,0,1,110,D,1,D,12,D,4500,D,,A,,A,2,D,,A,03,D
20191,03906464,39,0,1,100,D,1,D,01,D,3000,D,,A,,A,2,D,,A,02,D
20191,03906984,47,0,1,180,D,6,D,01,D,,A,,A,,A,2,D,,A,06,D
20191,03907034,28,0,1,100,D,2,D,11,D,,A,,A,,A,1,D,4300,D,02,D
20191,03907064,9,0,1,110,D,6,D,12,D,,A,,A,,A,2,D,,A,01,D
20191,03907094,34,0,2,110,D,3,D,11,D,,A,,A,,A,2,D,,A,02,D
20191,03907184,18,0,1,100,D,2,D,11,D,,A,,A,,A,2,D,,A,01,D
20191,03907264,24,0,1,110,D,4,D,12,D,,A,15000,D,,A,2,D,,A,03,D
20191,03907614,42,0,1,110,D,2,D,11,D,,A,,A,,A,2,D,,A,02,D
20191,03908124,45,0,1,110,D,1,D,01,D,600,F,,A,,A,2,D,,A,06,D
20191,03908364,14,0,1,100,D,4,D,01,D,,A,10600,D,,A,1,D,,A,02,D
20191,03909084,26,0,1,100,D,6,D,11,D,,A,,A,,A,2,D,,A,05,D
20191,03909564,18,0,1,100,D,2,D,12,D,,A,,A,,A,2,D,,A,01,D
20191,03909804,17,0,1,100,D,4,D,11,D,,A,20000,D,,A,1,D,14500,D,01,D
20191,03910254,15,0,1,110,D,2,D,01,D,,A,,A,,A,2,D,,A,01,D
20191,03910554,19,0,1,110,D,4,D,12,D,,A,,A,,A,2,D,,A,01,D
20191,03911474,20,0,1,110,D,2,D,12,D,,A,,A,,A,2,D,,A,01,D
20191,03911754,60,0,1,100,D,4,D,01,D,,A,,A,,A,2,D,,A,02,D
20191,03923254,42,0,1,110,D,6,D,12,D,,A,,A,,A,2,D,,A,04,D
20191,03923854,26,0,1,110,D,1,D,12,D,500,D,,A,,A,2,D,,A,03,D
20191,03923894,36,0,1,110,D,2,D,12,D,,A,,A,,A,2,D,,A,01,D
20191,03924714,42,0,1,110,D,1,D,12,D,5000,D,,A,,A,2,D,,A,01,D
20191,03924914,24,0,1,110,D,2,D,02,D,,A,,A,,A,2,D,,A,01,D
20191,03924954,21,0,1,110,D,3,D,01,D,,A,,A,,A,2,D,,A,03,D
20191,03925084,12,0,1,110,D,6,D,12,D,,A,,A,,A,2,D,,A,01,D
20191,03925104,28,0,1,200,D,6,D,12,D,,A,,A,,A,2,D,,A,03,D
20191,03925424,21,0,1,100,D,1,D,01,D,4000,D,,A,,A,2,D,,A,02,D
20191,03926454,51,0,1,110,D,1,D,01,D,1200,D,,A,,A,1,D,1500,D,01,D
20191,03926704,20,0,2,100,D,4,D,12,D,,A,19000,D,,A,2,D,,A,02,D
20191,03927464,78,0,2,100,D,4,D,12,D,,A,,A,,A,2,D,,A,01,D
20191,03927594,18,0,1,110,D,6,D,12,D,,A,,A,,A,2,D,,A,02,D
20191,03927954,43,0,1,100,D,3,D,02,D,,A,,A,,A,2,D,,A,04,D
20191,03928054,27,0,1,100,D,1,D,12,D,3000,D,,A,,A,2,D,,A,01,D
20191,03928534,38,0,1,100,D,1,D,01,D,1000,D,,A,,A,1,D,2,D,02,D
20191,03928934,27,0,1,100,D,2,D,01,D,,A,,A,,A,2,D,,A,01,D
20191,03928984,24,0,1,110,D,6,D,01,D,,A,,A,,A,1,D,,A,01,D
20191,03929164,35,0,1,110,D,1,D,12,D,10000,F,,A,,A,2,D,,A,04,D
20191,03929424,42,0,2,100,D,6,D,12,D,,A,,A,,A,2,D,,A,03,D
20191,03929724,42,0,1,100,D,3,D,01,D,,A,,A,,A,2,D,,A,03,D
20191,03929904,32,0,1,100,D,4,D,02,D,,A,,A,2200,F,2,D,,A,03,D
20191,03929934,43,0,1,100,D,4,D,12,D,,A,3500,D,,A,2,D,,A,04,D
20191,03931184,14,0,1,110,D,2,D,02,D,,A,,A,,A,2,D,,A,02,D
20191,03932034,21,0,1,100,D,3,D,02,D,,A,,A,,A,2,D,,A,01,D
20191,03933034,42,0,1,110,D,3,D,12,D,,A,,A,,A,2,D,,A,01,D
20191,03933284,20,0,1,110,D,1,D,12,D,1,D,,A,,A,2,D,,A,04,D
20191,03933324,39,0,1,110,D,2,D,02,D,,A,,A,,A,1,D,,A,01,D
20191,03933324,40,0,1,110,D,2,D,02,D,,A,,A,,A,1,D,,A,02,D
20191,03944143,56,0,1,110,D,6,D,11,D,,A,,A,,A,2,D,,A,02,D
20191,03944813,26,0,1,110,D,1,D,12,D,350,D,,A,,A,2,D,,A,01,D
20191,03944813,27,0,1,100,D,1,D,12,D,400,D,,A,,A,2,D,,A,02,D
20191,03945343,20,0,1,110,D,6,D,11,D,,A,,A,,A,2,D,,A,02,D
20191,03945843,12,0,1,100,D,2,D,12,D,,A,,A,,A,1,D,,A,01,D
20191,03947783,34,0,1,110,D,4,D,12,D,,A,,A,3700,F,2,D,,A,02,D
20191,03947873,37,0,1,100,D,4,D,10,D,,A,1980,D,,A,2,D,,A,01,D
20191,03947903,35,0,2,110,D,4,D,10,D,,A,,A,10400,F,1,D,,A,02,D
20191,03948033,18,0,1,100,D,2,D,10,D,,A,,A,,A,2,D,,A,01,D
20191,03948163,30,0,1,130,D,1,D,10,D,2700,D,,A,,A,2,D,,A,03,D
20191,03948473,15,0,2,100,D,4,D,10,D,,A,,A,,A,2,D,,A,03,D
20191,03948513,49,0,1,100,D,3,D,12,D,,A,,A,,A,2,D,,A,01,D
20191,03948883,31,0,1,110,D,2,D,11,D,,A,,A,,A,2,D,,A,02,D
20191,03949733,37,0,1,100,D,4,D,11,D,,A,3700,D,,A,2,D,,A,01,D
20191,03950213,26,0,1,100,D,2,D,11,D,,A,,A,,A,2,D,,A,01,D
20191,03950963,24,0,1,100,D,2,D,12,D,,A,,A,,A,2,D,,A,01,D
20191,03951173,16,0,1,110,D,3,D,12,D,,A,,A,,A,2,D,,A,03,D
20191,03951503,44,0,1,100,D,4,D,12,D,,A,1600,D,,A,2,D,,A,05,D
20191,03951513,72,0,1,100,D,1,D,10,D,2500,D,,A,,A,2,D,,A,03,D
20191,03951513,73,0,1,110,D,3,D,10,D,,A,,A,,A,2,D,,A,04,D
20191,03951733,7,0,1,100,D,4,D,12,D,,A,,A,,A,1,D,,A,01,D
20191,03951953,50,0,1,100,D,2,D,10,D,,A,,A,,A,2,D,,A,01,D
20191,03952073,42,0,1,110,D,4,D,10,D,,A,,A,,A,2,D,,A,03,D
20191,03952223,30,0,1,100,D,2,D,10,D,,A,,A,,A,2,D,,A,02,D
20191,03952383,8,0,1,100,D,2,D,10,D,,A,,A,,A,2,D,,A,01,D
20191,03952443,34,0,1,110,D,1,D,10,D,1300,F,,A,,A,2,D,,A,01,D
20191,03952653,37,0,1,100,D,4,D,12,D,,A,14000,D,,A,1,D,14000,D,04,D
20191,03953083,33,0,1,110,D,3,D,12,D,,A,,A,,A,2,D,,A,01,D
20191,03954233,22,0,2,100,D,6,D,10,D,,A,,A,,A,2,D,,A,01,D
20191,03964603,17,0,1,110,D,2,D,01,D,,A,,A,,A,2,D,,A,01,D
20191,03965083,26,0,1,110,D,4,D,01,D,,A,3000,D,,A,2,D,,A,01,D
20191,03965083,27,0,1,100,D,4,D,12,D,,A,1400,D,,A,2,D,,A,02,D
20191,03965293,28,0,1,100,D,1,D,01,D,120,D,,A,,A,2,D,,A,02,D
20191,03965523,27,0,1,110,D,2,D,12,D,,A,,A,,A,2,D,,A,01,D
20191,03965563,33,0,1,110,D,1,D,01,D,200,D,,A,,A,2,D,,A,02,D
20191,03966983,16,0,1,110,D,3,D,11,D,,A,,A,,A,2,D,,A,02,D
20191,03967453,40,0,1,150,D,6,D,01,D,,A,,A,,A,2,D,,A,03,D
20191,03968183,34,0,1,110,D,3,D,01,D,,A,,A,,A,2,D,,A,02,D
20191,03968273,12,0,1,110,D,6,D,11,D,,A,,A,,A,2,D,,A,01,D
20191,03968983,45,0,1,100,D,1,D,12,D,1000,F,,A,,A,2,D,,A,01,D
20191,03968983,46,0,1,110,D,3,D,11,D,,A,,A,,A,2,D,,A,02,D
20191,03969923,22,0,1,110,D,1,D,12,D,300,D,,A,,A,2,D,,A,01,D
20191,03970283,44,0,1,100,D,2,D,01,D,,A,,A,,A,2,D,,A,02,D
20191,03971383,30,0,1,100,D,2,D,01,D,,A,,A,,A,2,D,,A,01,D
20191,03971523,55,0,1,100,D,3,D,12,D,,A,,A,,A,2,D,,A,04,D
20191,03971793,29,0,1,100,D,1,D,01,D,7000,D,,A,,A,2,D,,A,01,D
20191,03971993,31,0,1,100,D,3,D,01,D,,A,,A,,A,2,D,,A,02,D
20191,03972053,105,0,2,110,D,1,D,11,D,8800,D,,A,,A,2,D,,A,01,D
20191,03972803,20,0,1,110,D,1,D,11,D,3400,D,,A,,A,2,D,,A,02,D
20191,03972993,20,0,1,100,D,1,D,01,D,4500,D,,A,,A,2,D,,A,02,D
20191,03972993,21,0,1,110,D,3,D,01,D,,A,,A,,A,2,D,,A,03,D
20191,03973033,15,0,1,100,D,6,D,01,D,,A,,A,,A,2,D,,A,01,D
20191,03973033,16,0,1,100,D,6,D,01,D,,A,,A,,A,2,D,,A,02,D
20191,03973263,21,0,1,110,D,4,D,11,D,,A,19200,D,,A,1,D,,A,01,D
20191,03973623,24,0,1,110,D,2,D,01,D,,A,,A,,A,2,D,,A,01,D
20191,03973623,25,0,1,160,D,1,D,01,D,2000,D,,A,,A,2,D,,A,05,D
20191,03974173,27,0,1,100,D,3,D,12,D,,A,,A,,A,2,D,,A,01,D
20191,03974563,49,0,1,100,D,3,D,11,D,,A,,A,,A,1,D,2800,D,01,D
20191,03985454,13,0,1,100,D,3,D,02,D,,A,,A,,A,2,D,,A,01,D
20191,03985533,25,0,1,110,D,2,D,02,D,,A,,A,,A,2,D,,A,02,D
20191,03986913,22,0,1,100,D,1,D,12,D,3300,F,,A,,A,2,D,,A,01,D
20191,03987873,17,0,1,100,D,1,D,02,D,7500,D,,A,,A,2,D,,A,01,D
20191,03988053,57,0,1,100,D,4,D,12,D,,A,7000,D,,A,2,D,,A,02,D
20191,03988183,31,0,1,100,D,1,D,12,D,1750,D,,A,,A,2,D,,A,04,D
20191,03988513,18,0,1,100,D,2,D,01,D,,A,,A,,A,2,D,,A,01,D
20191,03988983,49,0,1,100,D,1,D,02,D,1000,D,,A,,A,2,D,,A,04,D
20191,03989313,16,0,1,110,D,4,D,02,D,,A,,A,,A,2,D,,A,02,D
20191,03989883,31,0,1,100,D,2,D,01,D,,A,,A,,A,1,D,8400,D,02,D
20191,03990443,36,0,1,100,D,4,D,12,D,,A,4000,D,,A,2,D,,A,02,D
20191,03990633,36,0,1,100,D,1,D,02,D,19000,D,,A,,A,1,D,13000,D,01,D
20191,03990993,27,0,1,200,D,1,D,12,D,200,D,,A,,A,2,D,,A,02,D
20191,03990993,28,0,1,110,D,2,D,12,D,,A,,A,,A,1,D,23000,D,03,D
20191,03991103,51,0,1,100,D,2,D,02,D,,A,,A,,A,2,D,,A,02,D
20191,03991173,27,0,1,110,D,2,D,12,D,,A,,A,,A,2,D,,A,02,D
20191,03991413,32,0,1,100,D,6,D,01,D,,A,,A,,A,2,D,,A,04,D
20191,03991943,17,0,1,100,D,2,D,12,D,,A,,A,,A,1,D,,A,02,D
20191,03991953,19,0,1,110,D,6,D,12,D,,A,,A,,A,2,D,,A,01,D
20191,03993193,49,0,1,110,D,2,D,02,D,,A,,A,,A,1,D,29056,D,02,D
20191,03993583,39,0,2,100,D,1,D,12,D,2000,D,,A,,A,2,D,,A,03,D
20191,03993853,41,0,1,100,D,1,D,12,D,6500,D,,A,,A,2,D,,A,02,D
20191,03993883,42,0,1,110,D,2,D,12,D,,A,,A,,A,2,D,,A,02,D
20191,03994233,50,0,1,110,D,1,D,12,D,10000,D,,A,,A,2,D,,A,02,D
20191,03994633,12,0,1,110,D,2,D,02,D,,A,,A,,A,2,D,,A,01,D
20191,03994743,51,0,1,110,D,3,D,02,D,,A,,A,,A,2,D,,A,03,D
20191,03995063,22,0,1,100,D,3,D,02,D,,A,,A,,A,2,D,,A,02,D
20191,04006692,27,0,1,100,D,2,D,10,D,,A,,A,,A,2,D,,A,02,D
20191,04006722,10,0,1,110,D,1,D,11,D,1000,D,,A,,A,2,D,,A,02,D
20191,04006762,28,0,1,100,D,2,D,12,D,,A,,A,,A,2,D,,A,02,D
20191,04006874,26,0,1,110,D,4,D,11,D,,A,,A,,A,2,D,,A,01,D
20191,04006932,14,0,1,100,D,4,D,12,D,,A,20000,F,,A,1,D,14500,F,01,D
20191,04007062,43,0,1,100,D,1,D,11,D,10000,D,,A,,A,2,D,,A,02,D
20191,04007272,36,0,1,200,D,1,D,11,D,2500,D,,A,,A,2,D,,A,05,D
20191,04007892,27,0,1,110,D,1,D,12,D,300,D,,A,,A,2,D,,A,02,D
20191,04008252,39,0,1,110,D,1,D,10,D,350,D,,A,,A,2,D,,A,03,D
20191,04008852,28,0,1,110,D,2,D,10,D,,A,,A,,A,1,D,,A,02,D
20191,04008922,66,0,1,110,D,1,D,12,D,4000,D,,A,,A,1,D,,A,02,D
20191,04009102,20,0,1,100,D,6,D,11,D,,A,,A,,A,2,D,,A,02,D
20191,04010162,24,0,1,110,D,2,D,11,D,,A,,A,,A,2,D,,A,01,D
20191,04010432,37,0,1,100,D,1,D,10,D,25000,D,,A,,A,2,D,,A,02,D
20191,04011162,52,0,1,100,D,2,D,12,D,,A,,A,,A,2,D,,A,09,D
20191,04011172,38,0,1,110,D,4,D,10,D,,A,,A,,A,2,D,,A,02,D
20191,04011602,38,0,1,110,D,1,D,11,D,16250,D,,A,,A,2,D,,A,02,D
20191,04011952,40,0,1,110,D,3,D,11,D,,A,,A,,A,2,D,,A,02,D
20191,04011962,47,0,1,100,D,4,D,10,D,,A,10300,D,,A,2,D,,A,07,D
20191,04012282,18,0,1,100,D,1,D,12,D,9500,D,,A,,A,2,D,,A,01,D
20191,04012732,15,0,1,100,D,3,D,11,D,,A,,A,,A,2,D,,A,02,D
20191,04013742,53,0,1,200,D,6,D,12,D,,A,,A,,A,2,D,,A,04,D
20191,04013822,66,0,1,100,D,1,D,10,D,100,D,,A,,A,2,D,,A,02,D
20191,04013862,31,0,1,110,D,2,D,11,D,,A,,A,,A,2,D,,A,02,D
20191,04015582,23,0,1,100,D,2,D,11,D,,A,,A,,A,2,D,,A,01,D
20191,04016412,34,0,1,100,D,2,D,11,D,,A,,A,,A,2,D,,A,02,D
20191,04016432,27,0,1,100,D,1,D,11,D,2900,D,,A,,A,2,D,,A,01,D
20191,04016812,30,0,1,100,D,4,D,10,D,,A,2500,D,,A,2,D,,A,01,D
20191,04016992,20,0,1,100,D,3,D,10,D,,A,,A,,A,2,D,,A,02,D
20191,04017262,45,0,1,100,D,1,D,10,D,3300,D,,A,,A,2,D,,A,01,D
20191,04027602,18,0,1,110,D,4,D,12,D,,A,2500,D,,A,1,D,2500,D,01,D
20191,04027712,22,0,1,100,D,3,D,12,D,,A,,A,,A,2,D,,A,02,D
20191,04028882,48,0,1,110,D,6,D,11,D,,A,,A,,A,2,D,,A,01,D
20191,04028942,18,0,1,100,D,6,D,01,D,,A,,A,,A,2,D,,A,02,D
20191,04029002,16,0,1,110,D,4,D,12,D,,A,3500,D,,A,1,D,2400,D,01,D
20191,04029282,36,0,1,100,D,2,D,11,D,,A,,A,,A,1,D,7500,D,02,D
20191,04029532,22,0,1,100,D,2,D,11,D,,A,,A,,A,2,D,,A,01,D
20191,04029712,28,0,1,100,D,6,D,11,D,,A,,A,,A,2,D,,A,02,D
20191,04029952,37,0,1,110,D,3,D,11,D,,A,,A,,A,2,D,,A,01,D
20191,04030612,47,0,1,100,D,1,D,11,D,6000,D,,A,,A,2,D,,A,03,D
20191,04030652,18,0,1,110,D,1,D,12,D,12900,D,,A,,A,2,D,,A,02,D
20191,04030692,42,0,1,130,D,2,D,11,D,,A,,A,,A,2,D,,A,08,D
20191,04030942,23,0,1,110,D,4,D,01,D,,A,,A,,A,2,D,,A,02,D
20191,04032532,12,0,1,110,D,2,D,01,D,,A,,A,,A,1,D,,A,01,D
20191,04033182,38,0,1,100,D,1,D,11,D,3000,D,,A,,A,1,D,3000,D,01,D
20191,04033182,39,0,1,110,D,2,D,01,D,,A,,A,,A,2,D,,A,04,D
20191,04033472,25,0,1,110,D,2,D,01,D,,A,,A,,A,1,D,3000,D,01,D
20191,04033502,40,0,1,150,D,4,D,12,D,,A,11000,D,,A,1,D,8500,D,05,D
20191,04033772,9,0,1,100,D,6,D,12,D,,A,,A,,A,2,D,,A,01,D
20191,04034222,45,0,1,180,D,1,D,01,D,4000,D,,A,,A,2,D,,A,05,D
20191,04035582,47,0,1,100,D,3,D,11,D,,A,,A,,A,2,D,,A,04,D
20191,04035622,43,0,1,130,D,1,D,01,D,2500,D,,A,,A,2,D,,A,04,D
20191,04037172,29,0,1,180,D,1,D,12,D,6000,D,,A,,A,1,D,6000,D,03,D
20191,04037892,23,0,1,110,D,1,D,01,D,4500,D,,A,,A,2,D,,A,01,D
20191,04038052,146,0,1,110,D,3,D,11,D,,A,,A,,A,2,D,,A,01,D
20191,04038052,147,0,1,100,D,3,D,11,D,,A,,A,,A,2,D,,A,03,D
20191,04038972,39,0,1,110,D,1,D,12,D,500,D,,A,,A,2,D,,A,08,D
20191,04039152,39,0,1,200,D,1,D,02,D,2000,D,,A,,A,2,D,,A,06,D
20191,04039492,26,0,1,100,D,6,D,01,D,,A,,A,,A,2,D,,A,01,D
20191,04039682,43,0,1,170,D,6,D,12,D,,A,,A,,A,2,D,,A,03,D
20191,04040203,50,0,1,110,D,2,D,02,D,,A,,A,,A,1,D,29056,F,01,D
20191,04040872,42,0,1,110,D,2,D,02,D,,A,,A,,A,2,D,,A,05,D
20191,04040964,13,0,1,100,D,3,D,12,D,,A,,A,,A,2,D,,A,01,D
20191,04041692,27,0,1,110,D,4,D,12,D,,A,,A,,A,2,D,,A,04,D
20191,04042502,43,0,1,160,D,1,D,02,D,3500,F,,A,,A,2,D,,A,04,D
20191,04042512,18,0,1,110,D,6,D,01,D,,A,,A,,A,2,D,,A,01,D
20191,04042552,73,0,1,180,D,4,D,12,D,,A,,A,,A,2,D,,A,06,D
20191,04043362,37,0,1,110,D,1,D,02,D,12000,D,,A,,A,2,D,,A,01,D
20191,04043712,20,0,1,110,D,2,D,02,D,,A,,A,,A,2,D,,A,01,D
20191,04045002,27,0,1,100,D,1,D,02,D,1100,D,,A,,A,2,D,,A,01,D
20191,04045142,17,0,1,110,D,4,D,12,D,,A,,A,,A,2,D,,A,01,D
20191,04045534,18,0,1,100,D,2,D,01,D,,A,,A,,A,2,D,,A,02,D
20191,04045922,50,0,1,110,D,2,D,01,D,,A,,A,,A,2,D,,A,01,D
20191,04046572,23,0,1,110,D,2,D,02,D,,A,,A,,A,2,D,,A,01,D
20191,04046603,29,0,1,100,D,1,D,12,D,7500,D,,A,,A,2,D,,A,02,D
20191,04046642,21,0,1,100,D,1,D,01,D,50,D,,A,,A,2,D,,A,02,D
20191,04046652,14,0,1,110,D,3,D,12,D,,A,,A,,A,2,D,,A,02,D
20191,04046872,7,0,1,100,D,2,D,01,D,,A,,A,,A,1,D,,A,01,D
20191,04047132,48,0,1,100,D,1,D,01,D,9000,D,,A,,A,2,D,,A,03,D
20191,04047442,58,0,1,110,D,1,D,12,D,1600,D,,A,,A,2,D,,A,03,D
20191,04047502,85,0,1,110,D,2,D,12,D,,A,,A,,A,1,D,,A,01,D
20191,04048072,30,0,1,110,D,2,D,12,D,,A,,A,,A,2,D,,A,01,D
20191,04069491,14,0,1,100,D,1,D,10,D,2018,F,,A,,A,2,D,,A,02,D
20191,04070661,42,0,1,100,D,1,D,12,D,2018,D,,A,,A,2,D,,A,02,D
20191,04070971,28,0,1,100,D,1,D,11,D,5950,D,,A,,A,2,D,,A,03,D
20191,04071311,35,0,1,100,D,6,D,12,D,,A,,A,,A,2,D,,A,04,D
20191,04073821,26,0,1,110,D,3,D,10,D,,A,,A,,A,2,D,,A,04,D
20191,04074101,24,0,1,100,D,4,D,12,D,,A,,A,,A,1,D,6980,D,04,D
20191,04074691,9,0,1,100,D,6,D,10,D,,A,,A,,A,2,D,,A,01,D
20191,04076764,25,0,1,110,D,1,D,11,D,500,D,,A,,A,2,D,,A,01,D
20191,04076764,26,0,1,160,D,1,D,11,D,3500,D,,A,,A,2,D,,A,02,D
20191,04076764,27,0,1,180,D,1,D,11,D,1,D,,A,,A,2,D,,A,03,D
20191,04077591,16,0,1,100,D,3,D,12,D,,A,,A,,A,2,D,,A,03,D
20191,04091001,13,0,1,100,D,4,D,01,D,,A,,A,,A,2,D,,A,03,D
20191,04093141,20,0,1,110,D,1,D,12,D,1300,D,,A,,A,2,D,,A,01,D
20191,04095781,17,0,1,120,D,1,D,11,D,7000,D,,A,,A,2,D,,A,04,D
20191,04098601,7,0,1,110,D,3,D,11,D,,A,,A,,A,2,D,,A,01,D
20191,04099351,14,0,1,100,D,4,D,11,D,,A,,A,,A,2,D,,A,02,D
20191,04100141,12,0,1,100,D,1,D,01,D,2500,D,,A,,A,2,D,,A,02,D
20191,04100271,13,0,1,100,D,1,D,12,D,6000,D,,A,,A,2,D,,A,03,D
20191,04100681,18,0,1,100,D,4,D,12,D,,A,4220,D,,A,2,D,,A,01,D
20191,04103041,20,0,1,100,D,3,D,01,D,,A,,A,,A,2,D,,A,02,D
20191,04105691,19,0,1,110,D,1,D,02,D,1000,D,,A,,A,2,D,,A,02,D
20191,04106421,24,0,1,100,D,1,D,02,D,1000,D,,A,,A,2,D,,A,07,D
