QYEAR,NEWID,SEQNO,ALCNO,REC_ORIG,RENTCODE,RENT_ODE,BSNSPCTZ,BSNS_CTZ,QADRENTX,QADR_NTX,ANYVACAT,ANYV_CAT
20181,03639634,28,0,1,105,D,,A,360,D,1,D
20181,03640434,24,0,1,105,D,,A,400,D,2,D
20181,03641404,13,0,1,105,D,,A,300,D,2,D
20181,03641744,34,0,1,170,D,,A,40,D,1,D
20181,03642614,51,0,1,105,D,,A,399,D,1,D
20181,03642734,49,0,1,105,D,,A,506,D,1,D
20181,03643194,38,0,1,105,D,,A,400,D,1,D
20181,03643374,24,0,1,105,D,,A,600,D,1,D
20181,03643404,90,0,1,105,D,,A,100,D,1,D
20181,03643764,76,0,1,105,D,,A,500,D,1,D
20181,03644734,29,0,1,105,D,,A,164,D,1,D
20181,03645714,24,0,1,105,D,,A,280,D,1,D
20181,03646174,61,0,1,105,D,,A,550,D,1,D
20181,03646184,25,0,1,105,D,,A,365,D,1,D
20181,03646384,57,0,1,105,D,,A,235,D,2,D
20181,03647844,53,0,1,105,D,,A,250,D,2,D
20181,03648144,63,0,1,105,D,,A,250,D,1,D
20181,03649084,995,0,1,140,D,,A,13032,D,2,D
20181,03649524,66,0,1,105,D,,A,110,D,1,D
20181,03649724,7,0,1,105,D,,A,765,D,2,D
20181,03650054,16,0,1,105,D,,A,203,D,1,D
20181,03650394,35,0,1,105,D,,A,105,D,1,D
20181,03655264,23,0,1,105,D,,A,637,D,1,D
20181,03655264,24,0,1,105,D,,A,100,D,1,D
20181,03655494,31,0,1,105,D,,A,400,D,1,D
20181,03655564,34,0,1,105,D,,A,200,D,1,D
20181,03655594,27,0,1,105,D,,A,122,D,1,D
20181,03655984,29,0,1,105,D,,A,165,D,1,D
20181,03658324,19,0,1,105,D,,A,120,D,2,D
20181,03661744,31,0,1,105,D,,A,654,D,2,D
20181,03661984,18,0,1,105,D,,A,400,D,1,D
20181,03663194,30,0,1,105,D,,A,291,D,1,D
20181,03664054,31,0,1,105,D,,A,50,D,1,D
20181,03664414,33,0,1,105,D,,A,220,D,1,D
20181,03664484,23,0,1,105,D,,A,175,D,1,D
20181,03665294,22,0,1,105,D,,A,300,D,1,D
20181,03665324,37,0,1,105,D,,A,200,D,1,D
20181,03665834,56,0,1,105,D,,A,125,D,1,D
20181,03667934,53,0,1,105,D,,A,350,D,1,D
20181,03668054,53,0,1,105,D,,A,425,D,1,D
20181,03671334,39,0,1,105,D,,A,350,D,2,D
20181,03693643,35,0,1,105,D,,A,128,D,1,D
20181,03697503,25,0,1,105,D,,A,70,D,2,D
20181,03697503,26,0,1,105,D,,A,1200,D,1,D
20181,03699683,54,0,1,105,D,,A,175,D,1,D
20181,03700523,41,0,1,105,D,,A,75,D,2,D
20181,03702043,41,0,1,105,D,,A,450,D,2,D
20181,03713503,41,0,1,105,D,,A,100,D,1,D
20181,03715103,22,0,1,105,D,,A,140,D,1,D
20181,03715493,48,0,1,105,D,,A,350,D,1,D
20181,03716513,34,0,1,105,D,,A,200,D,1,D
20181,03717063,94,0,1,105,D,,A,670,D,1,D
20181,03717333,14,0,1,105,D,,A,100,D,1,D
20181,03718913,23,0,1,105,D,,A,800,D,1,D
20181,03719523,20,0,1,105,D,,A,360,D,1,D
20181,03719553,37,0,1,105,D,,A,54,D,1,D
20181,03719924,47,0,1,105,D,,A,140,D,1,D
20181,03721663,33,0,1,130,D,,A,100,D,1,D
20181,03722183,40,0,1,105,D,,A,150,D,2,D
20181,03722183,41,0,1,105,D,,A,60,D,1,D
20181,03723523,33,0,1,105,D,,A,300,F,2,D
20181,03734153,42,0,1,105,D,,A,129,D,2,D
20181,03738163,60,0,1,105,D,,A,125,D,2,D
20181,03738843,14,0,1,105,D,,A,200,D,2,D
20181,03739293,43,0,1,105,D,,A,400,D,1,D
20181,03739543,42,0,1,105,D,,A,75,D,1,D
20181,03741733,13,0,1,105,D,,A,258,D,2,D
20181,03742983,28,0,1,105,D,,A,2000,D,2,D
20181,03756172,38,0,1,105,D,,A,650,D,1,D
20181,03756172,39,0,1,105,D,,A,100,D,2,D
20181,03756642,20,0,1,105,D,,A,1090,D,1,D
20181,03756852,2,0,1,105,D,,A,100,D,2,D
20181,03757072,14,0,1,105,D,,A,1900,D,1,D
20181,03757902,20,0,1,105,D,,A,30,D,2,D
20181,03758072,25,0,1,105,D,,A,200,D,2,D
20181,03758332,24,0,1,105,D,,A,80,D,1,D
20181,03758872,23,0,1,105,D,,A,200,D,1,D
20181,03758942,35,0,1,105,D,,A,820,D,2,D
20181,03759802,87,0,1,105,D,,A,332,D,1,D
20181,03759802,88,0,1,105,D,,A,434,D,1,D
20181,03759802,89,0,1,105,D,,A,350,D,1,D
20181,03759892,31,0,1,105,D,.99,D,4,D,1,D
20181,03760532,53,0,1,130,D,,A,250,D,1,D
20181,03760712,24,0,1,105,D,,A,220,D,1,D
20181,03760712,25,0,1,105,D,,A,40,D,1,D
20181,03760992,36,0,1,105,D,,A,340,D,2,D
20181,03761012,44,0,1,130,D,,A,26,D,1,D
20181,03761232,46,0,1,105,D,,A,750,D,1,D
20181,03761893,57,0,1,105,D,,A,210,D,2,D
20181,03762652,86,0,1,105,D,,A,120,D,2,D
20181,03763444,11,0,1,105,D,,A,25,D,2,D
20181,03763462,10,0,1,105,D,,A,150,D,2,D
20181,03763592,29,0,1,160,D,,A,35,D,2,D
20181,03764152,21,0,1,105,D,,A,300,D,1,D
20181,03777502,9,0,1,105,D,,A,450,D,1,D
20181,03778012,20,0,1,105,D,,A,106,D,1,D
20181,03778172,15,0,1,105,D,,A,30,D,2,D
20181,03778532,31,0,1,105,D,,A,174,D,1,D
20181,03778822,16,0,1,105,D,,A,295,F,1,D
20181,03779212,59,0,1,105,D,,A,265,D,1,D
20181,03779512,26,0,1,105,D,,A,597,D,1,D
20181,03779512,27,0,1,105,D,,A,400,D,1,D
20181,03781142,10,0,1,105,D,,A,400,D,2,D
20181,03782562,52,0,1,105,D,,A,150,D,1,D
20181,03784102,35,0,1,105,D,,A,500,D,1,D
20181,03784812,13,0,1,105,D,,A,900,D,1,D
20181,03784932,40,0,1,105,D,,A,100,D,2,D
20181,03785443,26,0,1,105,D,,A,230,D,1,D
20181,03785443,27,0,1,105,D,,A,110,D,1,D
20181,03785532,14,0,1,105,D,,A,337,D,2,D
20181,03786212,31,0,1,105,D,,A,375,D,1,D
20181,03786902,29,0,1,105,D,,A,50,D,2,D
20181,03798002,15,0,1,105,D,,A,140,D,1,D
20181,03798412,21,0,1,105,D,,A,675,D,1,D
20181,03798532,39,0,1,105,D,,A,300,D,1,D
20181,03798932,45,0,1,105,D,,A,30,D,1,D
20181,03799392,45,0,1,105,D,,A,400,D,1,D
20181,03799462,24,0,1,105,D,,A,1000,D,1,D
20181,03799522,20,0,1,200,D,,A,200,D,1,D
20181,03800222,9,0,1,105,D,,A,1000,D,1,D
20181,03802742,17,0,1,105,D,,A,40,D,1,D
20181,03804352,24,0,1,105,D,,A,450,D,1,D
20181,03804612,59,0,1,105,D,,A,730,D,1,D
20181,03805072,47,0,1,200,D,,A,120,D,1,D
20181,03805372,46,0,1,105,D,,A,260,D,2,D
20181,03806092,30,0,1,105,D,,A,115,D,1,D
20181,03807502,58,0,1,105,D,,A,205,D,1,D
20181,03807932,24,0,1,105,D,,A,120,D,1,D
20181,03819651,10,0,1,105,D,,A,70,D,2,D
20181,03820121,15,0,1,105,D,,A,200,D,1,D
20181,03821891,11,0,1,105,D,,A,130,D,1,D
20181,03824171,19,0,1,105,D,,A,256,D,1,D
20181,03824571,32,0,1,105,D,,A,84,D,1,D
20181,03824571,33,0,1,105,D,,A,90,D,1,D
20181,03824571,34,0,1,105,D,,A,75,D,1,D
20181,03825221,27,0,1,105,D,,A,155,D,1,D
20181,03825361,27,0,1,105,D,,A,1200,D,1,D
20181,03825571,25,0,1,105,D,,A,620,D,2,D
20181,03825811,31,0,1,105,D,,A,250,D,1,D
20181,03825893,6,0,1,180,D,,A,30,D,1,D
20181,03826251,8,0,1,105,D,,A,115,D,1,D
20181,03827411,12,0,1,105,D,,A,165,D,1,D
20181,03827741,18,0,1,105,D,,A,200,D,1,D
20181,03828161,11,0,1,105,D,,A,110,D,2,D
20181,03839911,18,0,1,105,D,,A,380,D,2,D
20181,03840221,22,0,1,105,D,,A,40,D,2,D
20181,03840221,23,0,1,105,D,,A,30,D,2,D
20181,03840791,26,0,1,105,D,,A,179,D,2,D
20181,03841091,7,0,1,200,D,,A,1600,D,2,D
20181,03841211,25,0,1,105,D,,A,200,D,1,D
20181,03842041,6,0,1,105,D,,A,400,D,2,D
20181,03842071,89,0,1,105,D,,A,150,D,2,D
20181,03842203,33,0,1,105,D,,A,275,D,1,D
20181,03842481,16,0,1,105,D,,A,65,D,2,D
20181,03842561,37,0,1,105,D,,A,720,D,1,D
20181,03842711,15,0,1,105,D,,A,641,D,2,D
20181,03843241,33,0,1,105,D,,A,180,D,1,D
20181,03843391,41,0,1,105,D,,A,1400,D,1,D
20181,03843531,8,0,1,105,D,,A,500,D,1,D
20181,03844071,40,0,1,105,D,,A,225,D,1,D
20181,03845201,28,0,1,105,D,,A,250,D,1,D
20181,03845711,25,0,1,105,D,1.0,D,0,D,1,D
20181,03845721,29,0,1,105,D,,A,700,D,2,D
20181,03845901,48,0,1,140,D,,A,80,D,2,D
20181,03846261,27,0,1,105,D,,A,50,D,1,D
20181,03847231,16,0,1,105,D,,A,140,D,2,D
20181,03847461,29,0,1,105,D,1.0,D,0,D,1,D
20181,03848161,27,0,1,105,D,,A,20,D,2,D
20181,03849643,18,0,1,105,D,,A,100,D,1,D
20181,03849821,20,0,1,105,D,,A,50,D,1,D
20181,03849821,21,0,1,105,D,,A,100,D,1,D
20181,03849821,22,0,1,200,D,,A,50,D,1,D
20181,03850253,17,0,1,105,D,,A,150,D,1,D
20181,03850253,18,0,1,105,D,,A,130,D,1,D
20181,03852651,44,0,1,105,D,,A,110,D,1,D
20181,03853411,18,0,1,105,D,,A,700,D,2,D
20181,03853591,26,0,1,105,D,,A,200,D,1,D
20181,03854411,35,0,1,105,D,,A,30,D,2,D
20181,03854991,15,0,1,105,D,,A,295,F,1,D
20181,03856991,19,0,1,105,D,,A,390,D,2,D
20181,03857071,27,0,1,105,D,,A,250,D,1,D
20181,03857071,28,0,1,105,D,,A,250,D,1,D
20181,03857071,29,0,1,105,D,,A,500,D,1,D
20181,03857561,44,0,1,105,D,,A,150,D,1,D
20181,03859131,29,0,1,105,D,,A,505,D,1,D
20181,03859321,18,0,1,105,D,,A,500,D,1,D
20181,03859971,10,0,1,105,D,,A,25,D,1,D
20182,03694784,36,0,1,105,D,,A,500,D,1,D
20182,03695104,23,0,1,105,D,,A,418,D,2,D
20182,03695844,48,0,1,105,D,,A,10,D,2,D
20182,03696014,43,0,1,200,D,,A,85,D,1,D
20182,03696794,47,0,1,105,D,,A,70,D,1,D
20182,03697704,24,0,1,105,D,,A,120,D,1,D
20182,03698574,23,0,1,105,D,,A,230,D,1,D
20182,03699004,25,0,1,105,D,,A,220,D,2,D
20182,03699004,26,0,1,105,D,,A,220,D,2,D
20182,03699004,27,0,1,105,D,,A,220,D,2,D
20182,03699074,58,0,1,105,D,,A,500,D,1,D
20182,03700204,26,0,1,105,D,,A,80,D,1,D
20182,03700394,15,0,1,105,D,,A,80,D,1,D
20182,03701004,21,0,1,105,D,,A,110,D,1,D
20182,03713474,29,0,1,105,D,,A,417,F,2,D
20182,03713504,43,0,1,105,D,,A,550,D,1,D
20182,03713554,29,0,1,105,D,,A,180,D,1,D
20182,03715544,33,0,1,105,D,,A,450,D,1,D
20182,03720284,11,0,1,105,D,,A,400,D,1,D
20182,03720714,29,0,1,200,D,,A,25,D,2,D
20182,03721864,44,0,1,105,D,,A,220,D,1,D
20182,03722804,42,0,1,105,D,,A,300,D,1,D
20182,03734304,28,0,1,105,D,,A,350,D,1,D
20182,03735614,37,0,1,105,D,,A,575,D,1,D
20182,03736774,10,0,1,105,D,,A,540,D,2,D
20182,03737854,34,0,1,180,D,,A,120,D,1,D
20182,03739484,27,0,1,160,D,,A,200,D,2,D
20182,03741664,14,0,1,105,D,,A,350,D,2,D
20182,03742024,17,0,1,105,D,,A,500,D,1,D
20182,03742364,21,0,1,105,D,,A,500,D,1,D
20182,03742684,31,0,1,105,D,,A,200,D,1,D
20182,03744034,25,0,1,105,D,,A,160,D,1,D
20182,03756173,30,0,1,105,D,,A,550,D,1,D
20182,03756203,20,0,1,105,D,,A,140,D,1,D
20182,03756953,28,0,1,105,D,,A,200,D,1,D
20182,03758603,25,0,1,105,D,,A,240,D,1,D
20182,03758643,17,0,1,105,D,,A,150,D,1,D
20182,03758893,30,0,1,105,D,,A,130,D,1,D
20182,03759663,30,0,1,105,D,,A,355,D,1,D
20182,03759893,28,0,1,105,D,,A,1000,D,1,D
20182,03760753,29,0,1,105,D,,A,600,D,1,D
20182,03761233,40,0,1,105,D,,A,300,D,1,D
20182,03761533,9,0,1,105,D,,A,239,D,2,D
20182,03762453,15,0,1,105,D,,A,115,D,1,D
20182,03762543,25,0,1,105,D,,A,700,D,1,D
20182,03763783,16,0,1,105,D,,A,200,D,1,D
20182,03763833,33,0,1,105,D,,A,250,D,1,D
20182,03764053,14,0,1,105,D,,A,500,D,1,D
20182,03764733,53,0,1,105,D,,A,390,D,1,D
20182,03765143,35,0,1,105,D,,A,150,D,1,D
20182,03776363,47,0,1,105,D,,A,75,D,1,D
20182,03777503,16,0,1,105,D,,A,50,D,1,D
20182,03777503,17,0,1,105,D,,A,50,D,1,D
20182,03777503,18,0,1,105,D,,A,50,D,1,D
20182,03778293,44,0,1,105,D,,A,120,D,2,D
20182,03778333,32,0,1,105,D,,A,400,D,1,D
20182,03781023,13,0,1,105,D,,A,1200,D,2,D
20182,03781143,7,0,1,105,D,,A,700,D,1,D
20182,03781973,41,0,1,105,D,,A,150,D,1,D
20182,03782223,44,0,1,105,D,,A,173,D,1,D
20182,03783323,14,0,1,105,D,,A,490,D,2,D
20182,03783753,41,0,1,105,D,,A,139,D,2,D
20182,03784133,52,0,1,105,D,,A,275,D,1,D
20182,03784773,15,0,1,105,D,,A,250,D,1,D
20182,03784813,24,0,1,105,D,,A,90,D,1,D
20182,03785444,19,0,1,105,D,,A,108,D,1,D
20182,03785444,20,0,1,105,D,,A,250,D,1,D
20182,03785743,23,0,1,105,D,.50,D,95,D,2,D
20182,03786523,20,0,1,105,D,,A,700,D,1,D
20182,03786903,31,0,1,105,D,,A,275,D,1,D
20182,03798093,18,0,1,105,D,,A,200,D,1,D
20182,03798233,38,0,1,105,D,,A,1000,D,2,D
20182,03799023,34,0,1,105,D,,A,350,D,1,D
20182,03800353,50,0,1,200,D,,A,600,D,2,D
20182,03800953,12,0,1,105,D,,A,150,D,1,D
20182,03801503,23,0,1,105,D,,A,80,D,1,D
20182,03802743,18,0,1,160,D,,A,120,D,2,D
20182,03803983,39,0,1,105,D,,A,240,D,1,D
20182,03804063,73,0,1,105,D,,A,402,D,1,D
20182,03804603,35,0,1,105,D,,A,100,D,1,D
20182,03804603,36,0,1,105,D,,A,100,D,1,D
20182,03804843,21,0,1,105,D,,A,1,D,1,D
20182,03804983,41,0,1,105,D,,A,11,D,2,D
20182,03805373,33,0,1,105,D,,A,72,D,2,D
20182,03805783,25,0,1,105,D,,A,100,D,1,D
20182,03807843,12,0,1,200,D,,A,60,D,2,D
20182,03807933,27,0,1,105,D,,A,100,D,1,D
20182,03807953,39,0,1,105,D,,A,250,D,1,D
20182,03818722,22,0,1,105,D,1.0,D,0,D,2,D
20182,03818862,26,0,1,105,D,,A,430,D,1,D
20182,03819502,38,0,1,180,D,,A,60,D,2,D
20182,03819822,31,0,1,105,D,,A,76,D,2,D
20182,03820442,44,0,1,105,D,,A,1314,D,2,D
20182,03821182,46,0,1,105,D,,A,92,D,1,D
20182,03821412,50,0,1,105,D,,A,115,D,1,D
20182,03821412,51,0,1,105,D,,A,210,D,1,D
20182,03822872,29,0,1,105,D,,A,80,D,1,D
20182,03822962,25,0,1,105,D,,A,250,D,1,D
20182,03823042,16,0,1,105,D,,A,51,D,1,D
20182,03823042,17,0,1,105,D,,A,81,D,1,D
20182,03823612,34,0,1,105,D,,A,110,D,1,D
20182,03823632,15,0,1,105,D,,A,400,D,1,D
20182,03823972,27,0,1,200,D,,A,30,D,2,D
20182,03824572,35,0,1,105,D,,A,85,D,1,D
20182,03825782,35,0,1,105,D,,A,335,D,1,D
20182,03825812,45,0,1,105,D,,A,180,D,1,D
20182,03826432,13,0,1,105,D,,A,100,D,1,D
20182,03827652,39,0,1,105,D,,A,200,D,1,D
20182,03828822,26,0,1,160,D,,A,320,D,1,D
20182,03840122,19,0,1,105,D,,A,180,D,1,D
20182,03840572,22,0,1,105,D,,A,10,D,1,D
20182,03841902,26,0,1,200,D,,A,100,D,1,D
20182,03842382,60,0,1,105,D,,A,240,D,2,D
20182,03843392,37,0,1,105,D,,A,160,D,1,D
20182,03843632,45,0,1,105,D,,A,260,D,1,D
20182,03843892,55,0,1,105,D,,A,330,D,1,D
20182,03843992,62,0,1,105,D,,A,410,D,1,D
20182,03844242,35,0,1,105,D,,A,88,D,1,D
20182,03845402,21,0,1,105,D,,A,541,D,1,D
20182,03845722,21,0,1,105,D,,A,630,D,1,D
20182,03850022,22,0,1,105,D,,A,136,D,1,D
20182,03850342,30,0,1,105,D,,A,175,D,1,D
20182,03853492,31,0,1,105,D,,A,500,D,1,D
20182,03854442,29,0,1,105,D,,A,250,D,1,D
20182,03854452,38,0,1,105,D,,A,190,D,1,D
20182,03854602,16,0,1,105,D,,A,120,D,1,D
20182,03855482,16,0,1,105,D,,A,167,D,1,D
20182,03856392,54,0,1,180,D,,A,132,D,2,D
20182,03857832,25,0,1,200,D,,A,1600,D,1,D
20182,03858322,12,0,1,105,D,,A,120,D,2,D
20182,03858392,9,0,1,200,D,,A,1,D,2,D
20182,03859962,20,0,1,105,D,,A,310,F,1,D
20182,03860162,39,0,1,105,D,,A,50,D,1,D
20182,03860202,14,0,1,200,D,,A,3300,D,1,D
20182,03891581,17,0,1,105,D,,A,250,D,1,D
20182,03892061,20,0,1,105,D,,A,500,D,2,D
20182,03892121,6,0,1,105,D,,A,2500,D,2,D
20182,03892361,20,0,1,105,D,,A,130,D,2,D
20182,03892411,10,0,1,105,D,,A,220,D,1,D
20182,03892811,14,0,1,105,D,,A,500,D,1,D
20182,03892841,53,0,1,105,D,,A,400,D,2,D
20182,03893101,24,0,1,105,D,,A,200,D,1,D
20182,03893403,8,0,1,105,D,,A,80,D,2,D
20182,03894221,17,0,1,105,D,,A,300,D,1,D
20182,03894911,35,0,1,105,D,,A,698,D,1,D
20182,03895784,28,0,1,105,D,,A,30,D,2,D
20182,03895791,27,0,1,105,D,,A,350,D,1,D
20182,03895791,28,0,1,105,D,,A,500,D,1,D
20182,03895791,29,0,1,105,D,,A,500,D,1,D
20182,03895791,30,0,1,105,D,,A,500,D,1,D
20182,03896191,21,0,1,105,D,,A,35,D,1,D
20182,03896301,43,0,1,105,D,,A,600,D,1,D
20182,03896371,14,0,1,105,D,,A,130,D,1,D
20182,03896523,29,0,1,105,D,,A,650,D,1,D
20182,03897221,47,0,1,105,D,,A,220,D,1,D
20182,03897561,41,0,1,105,D,,A,100,D,1,D
20182,03897671,20,0,1,105,D,,A,275,D,1,D
20182,03898301,19,0,1,105,D,,A,410,F,1,D
20182,03898981,23,0,1,105,D,,A,250,D,1,D
20182,03899311,8,0,1,105,D,,A,310,D,1,D
20182,03899781,29,0,1,105,D,,A,800,D,2,D
20182,03899801,30,0,1,105,D,,A,310,F,1,D
20182,03900051,39,0,1,105,D,,A,450,D,2,D
20182,03900051,40,0,1,105,D,,A,400,D,1,D
20182,03902224,53,0,1,105,D,,A,105,D,1,D
20182,03902621,38,0,1,105,D,,A,100,D,1,D
20182,03902673,16,0,1,200,D,,A,550,D,2,D
20182,03903331,22,0,1,105,D,,A,450,D,1,D
20182,03904881,17,0,1,105,D,,A,300,D,1,D
20182,03905401,44,0,1,105,D,,A,600,D,1,D
20182,03907011,27,0,1,105,D,,A,500,D,1,D
20182,03908131,36,0,1,105,D,,A,30,D,2,D
20182,03908531,18,0,1,105,D,,A,800,D,1,D
20182,03909281,5,0,1,105,D,,A,900,D,2,D
20182,03910081,21,0,1,105,D,,A,300,D,1,D
20182,03910311,11,0,1,105,D,,A,150,D,1,D
20182,03911161,18,0,1,105,D,,A,165,D,2,D
20182,03911951,19,0,1,105,D,,A,286,D,1,D
20182,03912231,22,0,1,105,D,,A,525,D,1,D
20182,03912521,18,0,1,105,D,,A,200,D,2,D
20182,03912661,21,0,1,105,D,,A,570,D,1,D
20182,03922891,73,0,1,160,D,,A,60,D,1,D
20182,03923241,29,0,1,105,D,,A,350,D,1,D
20182,03923331,15,0,1,105,D,,A,5000,D,2,D
20182,03923381,15,0,1,105,D,,A,98,D,1,D
20182,03923381,16,0,1,170,D,,A,10,D,1,D
20182,03924001,30,0,1,105,D,,A,30,D,2,D
20182,03924421,22,0,1,105,D,,A,255,D,1,D
20182,03924531,23,0,1,105,D,,A,200,D,1,D
20182,03924791,19,0,1,105,D,,A,100,D,2,D
20182,03925731,9,0,1,105,D,,A,70,D,2,D
20182,03925781,13,0,1,105,D,,A,180,D,1,D
20182,03925821,4,0,1,105,D,,A,900,D,2,D
20182,03926441,9,0,1,105,D,,A,140,D,1,D
20182,03927321,11,0,1,105,D,,A,250,D,1,D
20182,03927321,12,0,1,160,D,,A,270,D,1,D
20182,03927981,24,0,1,105,D,,A,805,D,1,D
20182,03928201,29,0,1,105,D,,A,479,D,1,D
20182,03928531,43,0,1,200,D,,A,20,D,1,D
20182,03931001,21,0,1,105,D,,A,675,D,1,D
20182,03931491,29,0,1,105,D,,A,350,D,1,D
20182,03933411,24,0,1,105,D,,A,2250,D,2,D
20183,03756174,40,0,1,105,D,,A,300,D,1,D
20183,03756954,31,0,1,105,D,,A,170,D,2,D
20183,03756954,32,0,1,105,D,,A,170,D,2,D
20183,03757754,63,0,1,105,D,,A,639,D,2,D
20183,03758544,35,0,1,105,D,,A,121,D,2,D
20183,03758944,36,0,1,200,D,,A,265,D,2,D
20183,03759664,15,0,1,105,D,,A,900,D,2,D
20183,03761134,44,0,1,105,D,,A,172,D,1,D
20183,03763144,54,0,1,105,D,,A,500,D,1,D
20183,03763174,35,0,1,105,D,,A,500,D,1,D
20183,03763524,98,0,1,105,D,,A,64,D,2,D
20183,03763624,32,0,1,105,D,,A,570,D,1,D
20183,03776364,51,0,1,105,D,,A,1500,D,1,D
20183,03776714,12,0,1,105,D,1.0,D,0,D,2,D
20183,03776714,13,0,1,200,D,1.0,D,0,D,2,D
20183,03776894,25,0,1,105,D,,A,125,D,1,D
20183,03777084,37,0,1,105,D,,A,300,D,1,D
20183,03778324,25,0,1,105,D,,A,167,D,1,D
20183,03778774,66,0,1,105,D,,A,257,D,2,D
20183,03779414,13,0,1,105,D,,A,110,D,1,D
20183,03781024,19,0,1,105,D,,A,1275,D,2,D
20183,03781424,45,0,1,105,D,,A,600,D,1,D
20183,03781694,43,0,1,105,D,,A,65,D,1,D
20183,03781974,57,0,1,105,D,,A,128,D,2,D
20183,03782564,58,0,1,105,D,,A,190,D,1,D
20183,03782964,41,0,1,105,D,,A,300,D,1,D
20183,03784134,83,0,1,105,D,,A,90,D,2,D
20183,03784364,13,0,1,105,D,,A,350,D,2,D
20183,03785524,55,0,1,105,D,,A,350,D,1,D
20183,03785534,14,0,1,105,D,,A,60,D,2,D
20183,03786524,22,0,1,105,D,,A,168,D,1,D
20183,03798384,22,0,1,105,D,,A,175,D,1,D
20183,03798614,22,0,1,105,D,,A,167,D,1,D
20183,03798954,39,0,1,105,D,,A,400,D,1,D
20183,03799044,52,0,1,105,D,,A,150,D,1,D
20183,03799624,31,0,1,105,D,,A,350,D,1,D
20183,03800844,48,0,1,105,D,,A,2360,D,1,D
20183,03801114,28,0,1,105,D,,A,1500,D,2,D
20183,03801214,31,0,1,105,D,,A,150,D,2,D
20183,03801254,19,0,1,105,D,,A,55,D,2,D
20183,03802884,84,0,1,105,D,,A,459,D,1,D
20183,03803774,26,0,1,105,D,,A,240,D,1,D
20183,03803794,26,0,1,105,D,,A,400,D,1,D
20183,03803824,22,0,1,105,D,,A,156,D,1,D
20183,03804244,34,0,1,105,D,,A,606,D,1,D
20183,03804574,46,0,1,105,D,,A,400,D,1,D
20183,03804654,35,0,1,105,D,,A,1600,D,2,D
20183,03805764,34,0,1,200,D,,A,200,D,2,D
20183,03805844,40,0,1,105,D,,A,300,D,2,D
20183,03806654,27,0,1,105,D,,A,270,D,2,D
20183,03806864,42,0,1,105,D,,A,675,D,1,D
20183,03807224,31,0,1,105,D,,A,130,D,2,D
20183,03807624,25,0,1,105,D,,A,1232,D,1,D
20183,03818573,22,0,1,105,D,,A,100,D,2,D
20183,03818953,19,0,1,105,D,,A,40,D,1,D
20183,03819503,63,0,1,105,D,,A,200,D,2,D
20183,03819503,64,0,1,105,D,,A,50,D,2,D
20183,03820893,54,0,1,170,D,,A,40,D,1,D
20183,03821183,42,0,1,105,D,,A,305,D,2,D
20183,03821773,31,0,1,105,D,,A,500,D,1,D
20183,03821973,38,0,1,105,D,,A,609,D,1,D
20183,03822903,16,0,1,105,D,,A,67,D,1,D
20183,03822903,17,0,1,105,D,,A,137,D,1,D
20183,03822903,18,0,1,105,D,,A,72,D,1,D
20183,03823463,17,0,1,105,D,,A,270,D,1,D
20183,03823733,21,0,1,105,D,,A,1200,D,1,D
20183,03823733,22,0,1,105,D,,A,60,D,1,D
20183,03825113,22,0,1,105,D,,A,600,D,1,D
20183,03825363,25,0,1,105,D,,A,300,D,2,D
20183,03825363,26,0,1,105,D,,A,500,D,1,D
20183,03825813,34,0,1,105,D,,A,340,D,1,D
20183,03826003,35,0,1,105,D,,A,180,D,1,D
20183,03826253,8,0,1,105,D,,A,160,D,1,D
20183,03827273,67,0,1,105,D,,A,800,D,2,D
20183,03827273,68,0,1,200,D,,A,300,D,1,D
20183,03828403,36,0,1,105,D,,A,450,D,1,D
20183,03828683,17,0,1,105,D,,A,10,D,2,D
20183,03828943,25,0,1,105,D,,A,480,D,1,D
20183,03842383,68,0,1,105,D,,A,1178,D,1,D
20183,03842563,43,0,1,120,D,,A,950,D,1,D
20183,03842763,24,0,1,105,D,,A,450,D,1,D
20183,03842783,38,0,1,170,D,,A,20,D,1,D
20183,03843743,54,0,1,105,D,,A,155,D,1,D
20183,03844253,24,0,1,105,D,,A,150,D,1,D
20183,03844413,65,0,1,105,D,,A,208,D,1,D
20183,03845723,23,0,1,105,D,,A,400,D,2,D
20183,03845903,35,0,1,105,D,,A,800,D,1,D
20183,03846293,38,0,1,160,D,,A,400,D,1,D
20183,03846593,53,0,1,105,D,,A,94,D,1,D
20183,03846593,54,0,1,105,D,,A,6,D,2,D
20183,03847953,23,0,1,105,D,,A,100,D,2,D
20183,03848583,67,0,1,105,D,,A,400,D,1,D
20183,03848583,68,0,1,105,D,,A,100,D,2,D
20183,03848583,69,0,1,170,D,,A,30,D,2,D
20183,03848953,29,0,1,105,D,,A,550,D,1,D
20183,03848953,30,0,1,105,D,,A,400,D,1,D
20183,03849553,35,0,1,105,D,,A,30,D,2,D
20183,03850343,21,0,1,105,D,,A,381,D,1,D
20183,03850443,16,0,1,105,D,,A,214,D,1,D
20183,03851943,39,0,1,105,D,,A,950,D,1,D
20183,03853493,19,0,1,105,D,,A,100,D,1,D
20183,03854523,31,0,1,105,D,,A,275,D,1,D
20183,03854543,15,0,1,200,D,,A,50,D,2,D
20183,03855773,16,0,1,105,D,,A,275,D,1,D
20183,03856373,19,0,1,105,D,,A,426,D,1,D
20183,03856373,20,0,1,105,D,,A,70,D,2,D
20183,03857503,55,0,1,105,D,,A,40,D,2,D
20183,03858613,24,0,1,105,D,,A,60,D,2,D
20183,03858693,20,0,1,105,D,,A,440,D,1,D
20183,03858853,21,0,1,105,D,,A,340,D,1,D
20183,03858973,37,0,1,105,D,,A,246,D,1,D
20183,03859083,28,0,1,105,D,,A,50,D,2,D
20183,03859203,48,0,1,105,D,,A,100,D,2,D
20183,03859243,30,0,1,105,D,,A,240,D,1,D
20183,03859943,20,0,1,105,D,,A,365,D,1,D
20183,03860473,55,0,1,105,D,,A,400,D,1,D
20183,03892002,17,0,1,150,D,,A,250,D,1,D
20183,03892062,30,0,1,105,D,,A,250,D,2,D
20183,03892562,58,0,1,105,D,.99,D,3,D,2,D
20183,03894222,24,0,1,105,D,,A,275,D,1,D
20183,03895792,40,0,1,160,D,,A,1060,D,1,D
20183,03895902,21,0,1,105,D,,A,420,D,1,D
20183,03897322,12,0,1,200,D,,A,350,D,1,D
20183,03897342,52,0,1,200,D,,A,97,D,2,D
20183,03897462,20,0,1,105,D,,A,229,D,1,D
20183,03898372,18,0,1,105,D,,A,171,D,1,D
20183,03899782,38,0,1,105,D,,A,750,D,2,D
20183,03899802,33,0,1,105,D,,A,130,D,1,D
20183,03899912,38,0,1,105,D,,A,195,D,1,D
20183,03899912,39,0,1,200,D,,A,249,D,1,D
20183,03900152,61,0,1,105,D,,A,250,D,2,D
20183,03900312,12,0,1,105,D,,A,250,D,1,D
20183,03900762,25,0,1,105,D,,A,691,D,1,D
20183,03900782,38,0,1,105,D,,A,400,D,1,D
20183,03902032,21,0,1,200,D,,A,650,D,1,D
20183,03902662,25,0,1,105,D,,A,600,D,1,D
20183,03903082,23,0,1,105,D,,A,400,D,1,D
20183,03905642,23,0,1,105,D,,A,750,D,2,D
20183,03906172,29,0,1,105,D,,A,325,D,1,D
20183,03906172,30,0,1,170,D,,A,70,D,2,D
20183,03906902,36,0,1,105,D,,A,246,D,1,D
20183,03908132,46,0,1,105,D,,A,360,D,1,D
20183,03908602,29,0,1,105,D,,A,350,D,1,D
20183,03909652,12,0,1,170,D,,A,50,D,1,D
20183,03910082,25,0,1,105,D,,A,200,D,1,D
20183,03910082,26,0,1,170,D,,A,80,D,1,D
20183,03910722,13,0,1,105,D,,A,1200,D,2,D
20183,03911072,26,0,1,105,D,,A,200,D,1,D
20183,03912492,27,0,1,105,D,,A,280,D,1,D
20183,03923264,7,0,1,105,D,,A,900,D,2,D
20183,03923532,22,0,1,105,D,,A,120,D,2,D
20183,03924532,33,0,1,105,D,,A,300,D,1,D
20183,03925772,77,0,1,105,D,,A,200,D,1,D
20183,03926932,16,0,1,105,D,,A,285,D,2,D
20183,03926932,17,0,1,105,D,,A,75,D,2,D
20183,03926932,18,0,1,105,D,,A,225,D,2,D
20183,03927042,17,0,1,105,D,,A,260,D,1,D
20183,03927462,78,0,1,105,D,,A,161,D,1,D
20183,03927882,37,0,1,105,D,,A,838,D,1,D
20183,03928292,19,0,1,105,D,,A,200,D,1,D
20183,03930652,30,0,1,105,D,,A,69,D,2,D
20183,03931492,38,0,1,105,D,,A,300,D,1,D
20183,03932512,20,0,1,105,D,,A,150,D,1,D
20183,03933502,51,0,1,105,D,,A,135,D,1,D
20183,03944001,28,0,1,105,D,,A,540,D,1,D
20183,03944231,15,0,1,105,D,,A,350,D,1,D
20183,03944621,51,0,1,105,D,,A,100,D,1,D
20183,03944621,52,0,1,105,D,,A,100,D,1,D
20183,03945041,34,0,1,105,D,,A,111,D,2,D
20183,03945183,16,0,1,105,D,,A,40,D,1,D
20183,03945401,25,0,1,105,D,,A,250,D,1,D
20183,03945471,15,0,1,105,D,,A,1000,D,1,D
20183,03945671,18,0,1,105,D,,A,20,D,2,D
20183,03945751,22,0,1,105,D,,A,400,D,2,D
20183,03945781,32,0,1,105,D,,A,300,D,1,D
20183,03945881,39,0,1,105,D,,A,300,D,1,D
20183,03946341,44,0,1,105,D,,A,450,D,1,D
20183,03946821,31,0,1,105,D,,A,186,D,1,D
20183,03946831,31,0,1,160,D,,A,1000,D,1,D
20183,03947071,13,0,1,105,D,,A,454,D,2,D
20183,03947271,32,0,1,105,D,,A,250,D,1,D
20183,03947401,14,0,1,105,D,,A,40,D,1,D
20183,03947671,15,0,1,105,D,,A,450,D,2,D
20183,03947871,39,0,1,105,D,,A,50,D,1,D
20183,03948381,17,0,1,105,D,,A,1000,D,1,D
20183,03949291,18,0,1,105,D,,A,75,D,1,D
20183,03949461,60,0,1,200,D,,A,1,D,2,D
20183,03950371,34,0,1,105,D,,A,87,D,1,D
20183,03951021,17,0,1,105,D,,A,98,D,1,D
20183,03951021,18,0,1,200,D,,A,100,D,2,D
20183,03951341,24,0,1,105,D,,A,164,D,2,D
20183,03951361,18,0,1,105,D,,A,120,D,1,D
20183,03952041,19,0,1,105,D,,A,300,D,1,D
20183,03952301,39,0,1,105,D,,A,200,D,1,D
20183,03952401,24,0,1,105,D,,A,259,D,1,D
20183,03952551,22,0,1,105,D,,A,850,D,1,D
20183,03952861,13,0,1,105,D,,A,300,D,1,D
20183,03952901,16,0,1,105,D,,A,800,D,1,D
20183,03953234,20,0,1,180,D,,A,38,D,2,D
20183,03953344,16,0,1,105,D,,A,343,F,2,D
20183,03953711,25,0,1,105,D,,A,225,D,1,D
20183,03966251,28,0,1,105,D,,A,500,D,2,D
20183,03966421,17,0,1,105,D,,A,350,D,1,D
20183,03966741,21,0,1,105,D,,A,500,D,1,D
20183,03966771,15,0,1,105,D,,A,120,D,2,D
20183,03966951,31,0,1,105,D,,A,450,D,1,D
20183,03967131,19,0,1,105,D,,A,250,D,1,D
20183,03968061,55,0,1,105,D,,A,620,D,1,D
20183,03968071,19,0,1,105,D,,A,350,D,1,D
20183,03968541,23,0,1,105,D,,A,270,D,2,D
20183,03969191,22,0,1,105,D,,A,183,D,1,D
20183,03969514,16,0,1,105,D,,A,55,D,2,D
20183,03969881,5,0,1,105,D,,A,800,D,2,D
20183,03970401,21,0,1,200,D,,A,150,D,2,D
20183,03970461,25,0,1,105,D,,A,1,D,2,D
20183,03970881,30,0,1,105,D,,A,97,D,2,D
20183,03970901,60,0,1,105,D,,A,400,D,1,D
20183,03971011,14,0,1,105,D,,A,250,D,2,D
20183,03971181,12,0,1,105,D,.50,D,75,D,1,D
20183,03971301,43,0,1,160,D,,A,179,D,1,D
20183,03972501,38,0,1,105,D,,A,1100,D,1,D
20183,03972551,36,0,1,105,D,,A,75,D,1,D
20183,03973013,27,0,1,200,D,,A,60,D,2,D
20183,03973051,31,0,1,105,D,,A,2000,D,2,D
20183,03973151,26,0,1,105,D,,A,95,D,1,D
20183,03973234,61,0,1,105,D,,A,150,D,2,D
20183,03973741,16,0,1,105,D,,A,500,D,2,D
20183,03973763,9,0,1,105,D,,A,150,D,2,D
20183,03973901,17,0,1,105,D,,A,277,D,2,D
20183,03973901,18,0,1,105,D,,A,450,D,1,D
20183,03974101,27,0,1,105,D,,A,600,D,2,D
20183,03974561,37,0,1,105,D,.20,D,600,D,1,D
20183,03974681,17,0,1,105,D,.50,D,300,D,1,D
20183,03986871,11,0,1,105,D,,A,1500,D,2,D
20183,03987051,32,0,1,105,D,,A,130,D,2,D
20183,03987121,30,0,1,105,D,,A,250,D,1,D
20183,03987321,42,0,1,160,D,,A,150,D,2,D
20183,03989381,38,0,1,105,D,,A,800,D,1,D
20183,03989511,20,0,1,105,D,,A,600,D,1,D
20183,03989871,39,0,1,105,D,,A,145,D,1,D
20183,03989921,13,0,1,105,D,,A,105,D,1,D
20183,03990791,19,0,1,105,D,,A,500,D,1,D
20183,03991241,8,0,1,105,D,,A,450,D,1,D
20183,03991331,25,0,1,105,D,,A,200,D,1,D
20183,03991871,26,0,1,170,D,,A,40,D,1,D
20183,03991911,18,0,1,105,D,,A,2000,D,1,D
20183,03991911,19,0,1,200,D,,A,2000,D,2,D
20183,03992174,12,0,1,200,D,,A,70,D,1,D
20183,03992741,26,0,1,105,D,,A,300,D,1,D
20183,03993321,19,0,1,105,D,,A,30,D,1,D
20183,03993474,18,0,1,105,D,,A,50,D,2,D
20183,03993581,58,0,1,105,D,,A,135,D,2,D
20183,03994071,13,0,1,105,D,,A,600,D,1,D
20183,03994231,54,0,1,105,D,,A,175,D,1,D
20183,03995231,32,0,1,105,D,,A,600,D,1,D
20183,03995231,33,0,1,200,D,,A,160,D,1,D
20184,03819494,48,0,1,105,D,,A,200,D,1,D
20184,03819914,26,0,1,105,D,,A,589,D,1,D
20184,03820624,25,0,1,105,D,,A,100,D,1,D
20184,03821034,39,0,1,105,D,,A,80,D,2,D
20184,03821604,53,0,1,105,D,,A,1000,D,1,D
20184,03822364,62,0,1,105,D,,A,400,D,1,D
20184,03822904,17,0,1,105,D,,A,83,D,1,D
20184,03823144,17,0,1,105,D,,A,250,D,1,D
20184,03825814,35,0,1,105,D,,A,100,D,1,D
20184,03826254,11,0,1,105,D,,A,150,D,1,D
20184,03826674,24,0,1,105,D,,A,100,D,2,D
20184,03827294,31,0,1,105,D,,A,400,D,1,D
20184,03827644,24,0,1,105,D,,A,800,D,1,D
20184,03828984,20,0,1,105,D,,A,525,D,2,D
20184,03840094,40,0,1,105,D,,A,150,D,1,D
20184,03840434,19,0,1,105,D,,A,4,D,2,D
20184,03841724,27,0,1,105,D,,A,140,D,1,D
20184,03843254,23,0,1,105,D,,A,350,D,1,D
20184,03843394,33,0,1,105,D,,A,600,D,1,D
20184,03843614,10,0,1,105,D,,A,326,D,1,D
20184,03843894,49,0,1,105,D,,A,300,D,1,D
20184,03844254,26,0,1,105,D,,A,348,D,1,D
20184,03844774,54,0,1,105,D,,A,250,D,1,D
20184,03845574,37,0,1,105,D,,A,133,D,2,D
20184,03847624,24,0,1,105,D,,A,750,D,1,D
20184,03849194,27,0,1,105,D,,A,350,D,1,D
20184,03851014,11,0,1,105,D,,A,300,D,2,D
20184,03852154,25,0,1,105,D,,A,260,D,2,D
20184,03856064,43,0,1,105,D,,A,218,D,1,D
20184,03856394,60,0,1,105,D,,A,200,D,1,D
20184,03857184,35,0,1,105,D,,A,140,D,2,D
20184,03858814,42,0,1,105,D,,A,1000,D,1,D
20184,03891283,61,0,1,105,D,,A,39,D,1,D
20184,03893143,11,0,1,170,D,,A,70,D,2,D
20184,03893283,44,0,1,105,D,,A,80,D,2,D
20184,03894173,9,0,1,105,D,,A,450,D,1,D
20184,03894453,28,0,1,105,D,,A,150,D,1,D
20184,03896263,32,0,1,105,D,,A,400,D,1,D
20184,03896573,35,0,1,105,D,,A,179,D,1,D
20184,03896903,20,0,1,105,D,,A,46,D,2,D
20184,03897373,30,0,1,105,D,,A,369,D,1,D
20184,03898523,3,0,1,105,D,,A,100,D,1,D
20184,03898943,25,0,1,170,D,,A,33,D,2,D
20184,03899273,28,0,1,105,D,,A,230,D,1,D
20184,03900193,11,0,1,105,D,,A,58,D,2,D
20184,03900973,21,0,1,105,D,,A,800,D,1,D
20184,03901013,11,0,1,105,D,,A,400,D,1,D
20184,03901933,39,0,1,105,D,,A,350,D,2,D
20184,03903503,17,0,1,105,D,,A,120,D,2,D
20184,03903993,33,0,1,105,D,,A,130,D,1,D
20184,03905973,23,0,1,105,D,,A,325,D,1,D
20184,03907723,57,0,1,105,D,,A,500,D,1,D
20184,03908183,24,0,1,105,D,,A,20,D,2,D
20184,03908603,29,0,1,105,D,,A,297,D,1,D
20184,03909293,20,0,1,105,D,,A,325,D,2,D
20184,03911223,30,0,1,105,D,,A,600,D,1,D
20184,03923003,41,0,1,105,D,,A,142,D,1,D
20184,03923383,24,0,1,105,D,,A,69,D,1,D
20184,03924243,27,0,1,105,D,,A,318,D,2,D
20184,03925993,15,0,1,105,D,,A,750,D,1,D
20184,03925993,16,0,1,200,D,,A,365,D,1,D
20184,03928063,15,0,1,105,D,,A,125,D,1,D
20184,03928073,29,0,1,105,D,,A,300,D,1,D
20184,03929163,36,0,1,105,D,,A,350,D,2,D
20184,03929533,33,0,1,105,D,,A,378,D,2,D
20184,03929933,42,0,1,105,D,,A,150,D,2,D
20184,03930823,87,0,1,105,D,,A,170,D,1,D
20184,03930823,88,0,1,105,D,,A,112,D,1,D
20184,03930823,89,0,1,105,D,,A,700,D,1,D
20184,03932273,10,0,1,105,D,,A,300,D,1,D
20184,03933473,33,0,1,105,D,,A,154,D,1,D
20184,03944622,60,0,1,105,D,,A,140,D,1,D
20184,03944622,61,0,1,105,D,,A,240,D,1,D
20184,03944622,62,0,1,105,D,,A,136,D,1,D
20184,03945522,31,0,1,105,D,,A,255,D,2,D
20184,03945752,30,0,1,105,D,,A,315,D,1,D
20184,03945752,31,0,1,105,D,,A,115,D,1,D
20184,03946342,50,0,1,105,D,,A,596,D,1,D
20184,03946382,22,0,1,105,D,,A,300,D,1,D
20184,03946722,27,0,1,105,D,,A,290,D,1,D
20184,03946832,47,0,1,160,D,,A,1500,D,1,D
20184,03947402,18,0,1,105,D,,A,579,D,1,D
20184,03947872,51,0,1,105,D,,A,100,D,2,D
20184,03951732,5,0,1,105,D,,A,60,D,2,D
20184,03952322,40,0,1,105,D,,A,210,D,2,D
20184,03953012,29,0,1,105,D,,A,200,D,1,D
20184,03953042,37,0,1,105,D,,A,800,D,1,D
20184,03953582,18,0,1,105,D,,A,270,D,1,D
20184,03953652,26,0,1,105,D,,A,320,D,1,D
20184,03964832,18,0,1,200,D,,A,75,D,2,D
20184,03967212,29,0,1,105,D,,A,450,D,1,D
20184,03967542,30,0,1,105,D,,A,225,D,1,D
20184,03968282,10,0,1,105,D,,A,453,D,2,D
20184,03969082,32,0,1,105,D,,A,400,D,1,D
20184,03969432,16,0,1,105,D,,A,130,D,2,D
20184,03970092,39,0,1,105,D,,A,150,D,2,D
20184,03970482,21,0,1,105,D,,A,350,D,1,D
20184,03970892,31,0,1,120,D,,A,700,D,1,D
20184,03970982,4,0,1,105,D,,A,30,D,2,D
20184,03971152,56,0,1,105,D,1.0,D,0,D,1,D
20184,03972212,34,0,1,105,D,,A,625,D,1,D
20184,03972922,24,0,1,105,D,,A,160,D,1,D
20184,03973052,30,0,1,105,D,,A,2000,D,2,D
20184,03973152,35,0,1,105,D,,A,140,D,1,D
20184,03973272,11,0,1,105,D,,A,500,D,2,D
20184,03973812,28,0,1,105,D,,A,412,D,1,D
20184,03973902,14,0,1,105,D,,A,300,D,2,D
20184,03974102,57,0,1,105,D,,A,800,D,2,D
20184,03974102,58,0,1,105,D,,A,400,D,2,D
20184,03974202,83,0,1,150,D,,A,7,D,2,D
20184,03975142,34,0,1,105,D,,A,330,D,1,D
20184,03975222,7,0,1,105,D,,A,133,D,2,D
20184,03985482,45,0,1,150,D,,A,20,D,2,D
20184,03985752,8,0,1,105,D,,A,36,D,1,D
20184,03986012,16,0,1,105,D,,A,235,D,1,D
20184,03986272,70,0,1,105,D,,A,70,D,1,D
20184,03986432,14,0,1,105,D,,A,210,D,2,D
20184,03986852,33,0,1,200,D,,A,630,D,1,D
20184,03986912,37,0,1,180,D,,A,40,D,2,D
20184,03987052,47,0,1,105,D,,A,248,D,2,D
20184,03988252,39,0,1,105,D,,A,325,D,1,D
20184,03989072,43,0,1,105,D,,A,400,D,2,D
20184,03989992,36,0,1,105,D,,A,600,D,1,D
20184,03990292,20,0,1,105,D,,A,20,D,2,D
20184,03991582,34,0,1,105,D,,A,1242,D,2,D
20184,03991582,35,0,1,200,D,,A,1242,D,2,D
20184,03991812,53,0,1,105,D,,A,720,D,1,D
20184,03991912,23,0,1,105,D,,A,700,D,1,D
20184,03991912,24,0,1,200,D,,A,700,D,2,D
20184,03992302,66,0,1,105,D,,A,339,D,1,D
20184,03992412,61,0,1,105,D,,A,35,D,2,D
20184,03993912,15,0,1,105,D,,A,110,D,1,D
20184,03994663,14,0,1,105,D,,A,110,D,1,D
20184,03995532,39,0,1,105,D,,A,179,D,1,D
20184,04007291,24,0,1,105,D,,A,400,D,2,D
20184,04007681,8,0,1,105,D,,A,300,D,2,D
20184,04008651,23,0,1,105,D,,A,500,D,2,D
20184,04009091,15,0,1,105,D,,A,180,D,1,D
20184,04009581,29,0,1,200,D,,A,600,D,2,D
20184,04009941,17,0,1,105,D,,A,1095,D,2,D
20184,04009971,19,0,1,105,D,,A,100,D,1,D
20184,04010701,26,0,1,105,D,,A,334,D,2,D
20184,04011011,23,0,1,105,D,,A,150,D,1,D
20184,04011061,47,0,1,105,D,,A,180,D,1,D
20184,04011971,24,0,1,105,D,,A,600,D,1,D
20184,04012111,27,0,1,105,D,,A,345,D,1,D
20184,04012111,28,0,1,200,D,,A,250,D,1,D
20184,04012111,29,0,1,200,D,,A,550,D,1,D
20184,04012421,42,0,1,105,D,,A,35,D,2,D
20184,04012501,41,0,1,105,D,,A,1700,D,1,D
20184,04013311,16,0,1,105,D,,A,34,D,1,D
20184,04013641,21,0,1,105,D,,A,111,D,2,D
20184,04014731,33,0,1,105,D,,A,200,D,1,D
20184,04014821,28,0,1,105,D,,A,20,D,1,D
20184,04015312,29,0,1,105,D,,A,75,D,2,D
20184,04015351,28,0,1,105,D,1.0,D,0,D,1,D
20184,04015411,9,0,1,105,D,,A,50,D,2,D
20184,04016111,37,0,1,105,D,,A,1000,D,1,D
20184,04016771,44,0,1,105,D,,A,200,D,1,D
20184,04016771,45,0,1,105,D,,A,250,D,1,D
20184,04017031,41,0,1,105,D,,A,250,D,1,D
20184,04017141,24,0,1,105,D,,A,200,D,1,D
20184,04017251,9,0,1,105,D,,A,237,D,2,D
20184,04017251,10,0,1,105,D,,A,270,D,2,D
20184,04017261,42,0,1,105,D,,A,820,D,1,D
20184,04028051,17,0,1,105,D,1.0,D,0,D,1,D
20184,04028711,42,0,1,105,D,,A,340,D,1,D
20184,04028881,29,0,1,105,D,1.0,D,0,D,1,D
20184,04029491,44,0,1,105,D,,A,250,D,2,D
20184,04029741,27,0,1,105,D,,A,150,D,1,D
20184,04030631,28,0,1,105,D,,A,215,D,1,D
20184,04030691,26,0,1,130,D,,A,400,D,1,D
20184,04030901,29,0,1,105,D,,A,600,D,1,D
20184,04031601,25,0,1,105,D,,A,160,D,1,D
20184,04032041,17,0,1,105,D,,A,800,D,1,D
20184,04032441,16,0,1,105,D,,A,214,D,1,D
20184,04032441,17,0,1,200,D,,A,54,D,2,D
20184,04032531,15,0,1,105,D,,A,1600,D,2,D
20184,04032951,27,0,1,105,D,,A,250,D,2,D
20184,04033281,12,0,1,105,D,,A,700,D,1,D
20184,04033804,47,0,1,105,D,,A,150,D,1,D
20184,04034101,20,0,1,105,D,,A,370,D,1,D
20184,04034161,17,0,1,105,D,,A,200,D,1,D
20184,04034274,18,0,1,105,D,,A,115,D,2,D
20184,04034274,19,0,1,200,D,,A,250,D,2,D
20184,04034291,37,0,1,105,D,,A,420,D,1,D
20184,04034401,42,0,1,105,D,,A,100,D,1,D
20184,04034791,21,0,1,105,D,,A,270,D,1,D
20184,04035001,18,0,1,105,D,,A,400,D,1,D
20184,04036682,24,0,1,105,D,,A,135,D,1,D
20184,04036831,25,0,1,105,D,,A,400,D,1,D
20184,04037721,11,0,1,105,D,,A,500,D,2,D
20184,04038601,20,0,1,105,D,,A,600,D,1,D
20184,04038981,28,0,1,105,D,,A,200,D,2,D
20184,04039351,12,0,1,105,D,,A,50,D,2,D
20184,04040291,19,0,1,105,D,,A,400,D,1,D
20184,04041141,22,0,1,105,D,,A,385,D,1,D
20184,04041501,24,0,1,105,D,,A,774,D,1,D
20184,04041621,34,0,1,105,D,,A,200,D,1,D
20184,04042034,43,0,1,105,D,,A,230,D,1,D
20184,04042111,14,0,1,105,D,,A,540,D,1,D
20184,04042191,15,0,1,105,D,1.0,D,0,D,2,D
20184,04042541,17,0,1,180,D,,A,35,D,2,D
20184,04042621,43,0,1,105,D,,A,350,D,1,D
20184,04043261,16,0,1,105,D,,A,300,D,1,D
20184,04044551,19,0,1,105,D,,A,350,D,1,D
20184,04045131,18,0,1,105,D,,A,250,D,1,D
20184,04045331,33,0,1,200,D,,A,1000,D,1,D
20184,04045411,22,0,1,105,D,,A,400,D,1,D
20184,04045921,32,0,1,105,D,,A,235,D,1,D
20184,04046301,18,0,1,105,D,,A,389,D,2,D
20184,04046371,47,0,1,105,D,,A,300,D,1,D
20184,04047541,25,0,1,105,D,,A,210,D,1,D
20191,03891284,64,0,1,105,D,,A,40,D,2,D
20191,03891714,51,0,1,105,D,,A,350,D,1,D
20191,03892054,28,0,1,105,D,,A,80,D,1,D
20191,03892564,36,0,1,105,D,,A,1000,D,2,D
20191,03892814,13,0,1,105,D,,A,375,D,1,D
20191,03895604,16,0,1,105,D,,A,40,D,1,D
20191,03895904,37,0,1,105,D,,A,280,D,1,D
20191,03895944,50,0,1,105,D,,A,700,D,1,D
20191,03896004,26,0,1,105,D,,A,300,D,1,D
20191,03898244,54,0,1,105,D,,A,550,D,1,D
20191,03898384,27,0,1,105,D,,A,900,D,1,D
20191,03899324,27,0,1,105,D,,A,90,D,1,D
20191,03899324,28,0,1,200,D,,A,90,D,1,D
20191,03901014,13,0,1,105,D,,A,800,D,1,D
20191,03901934,32,0,1,105,D,,A,90,D,2,D
20191,03903134,44,0,1,105,D,1.0,D,0,D,1,D
20191,03903134,45,0,1,105,D,1.0,D,0,D,1,D
20191,03903584,18,0,1,105,D,,A,1,D,2,D
20191,03905934,36,0,1,105,D,,A,3,D,2,D
20191,03907184,19,0,1,105,D,,A,500,D,1,D
20191,03907264,25,0,1,105,D,,A,150,D,1,D
20191,03907614,43,0,1,105,D,,A,652,D,1,D
20191,03909134,16,0,1,105,D,,A,1000,D,1,D
20191,03922854,33,0,1,105,D,,A,340,D,1,D
20191,03922894,74,0,1,170,D,,A,30,D,1,D
20191,03924714,43,0,1,105,D,,A,125,D,2,D
20191,03924894,24,0,1,105,D,,A,200,D,1,D
20191,03925774,66,0,1,105,D,,A,130,D,2,D
20191,03927464,79,0,1,105,D,,A,91,D,1,D
20191,03928754,27,0,1,105,D,,A,80,D,2,D
20191,03931124,31,0,1,105,D,,A,280,D,1,D
20191,03931494,45,0,1,105,D,,A,250,D,1,D
20191,03931924,37,0,1,105,D,,A,700,D,1,D
20191,03932704,30,0,1,105,D,,A,50,D,1,D
20191,03933474,36,0,1,105,D,,A,66,D,1,D
20191,03944623,47,0,1,105,D,,A,80,D,1,D
20191,03945873,22,0,1,105,D,,A,778,D,2,D
20191,03945873,23,0,1,105,D,,A,271,D,2,D
20191,03945973,29,0,1,105,D,,A,350,D,1,D
20191,03946643,35,0,1,105,D,,A,275,D,1,D
20191,03946783,43,0,1,105,D,,A,250,D,2,D
20191,03947643,23,0,1,105,D,,A,80,D,2,D
20191,03947783,35,0,1,105,D,,A,450,D,2,D
20191,03947843,38,0,1,105,D,,A,600,D,1,D
20191,03948033,19,0,1,105,D,,A,850,D,2,D
20191,03948233,38,0,1,105,D,,A,775,D,1,D
20191,03948463,28,0,1,105,D,,A,252,D,2,D
20191,03949273,12,0,1,150,D,,A,560,D,2,D
20191,03950913,14,0,1,105,D,,A,100,D,2,D
20191,03951423,57,0,1,105,D,,A,40,D,2,D
20191,03951423,58,0,1,105,D,,A,40,D,2,D
20191,03952303,51,0,1,105,D,,A,700,D,1,D
20191,03952553,37,0,1,105,D,,A,300,D,1,D
20191,03952653,38,0,1,105,D,,A,400,D,2,D
20191,03952823,17,0,1,105,D,,A,120,D,1,D
20191,03954293,88,0,1,130,D,,A,300,D,2,D
20191,03965113,17,0,1,105,D,,A,80,D,1,D
20191,03966813,19,0,1,105,D,,A,1100,D,2,D
20191,03967453,41,0,1,105,D,,A,150,D,2,D
20191,03967733,32,0,1,105,D,,A,150,D,1,D
20191,03968963,28,0,1,105,D,,A,228,D,1,D
20191,03970523,45,0,1,105,D,,A,160,D,1,D
20191,03971903,69,0,1,105,D,,A,78,D,2,D
20191,03972263,27,0,1,105,D,,A,263,D,1,D
20191,03972593,30,0,1,105,D,,A,298,F,2,D
20191,03972923,26,0,1,105,D,,A,65,D,2,D
20191,03973053,30,0,1,105,D,,A,440,D,2,D
20191,03974293,16,0,1,105,D,,A,1100,D,2,D
20191,03974563,50,0,1,105,D,,A,475,D,1,D
20191,03975143,40,0,1,170,D,,A,40,D,1,D
20191,03985633,18,0,1,105,D,,A,250,D,2,D
20191,03987053,44,0,1,105,D,,A,154,D,2,D
20191,03988253,45,0,1,105,D,,A,125,D,1,D
20191,03988253,46,0,1,105,D,,A,300,D,1,D
20191,03989043,48,0,1,105,D,,A,565,D,1,D
20191,03989073,33,0,1,105,D,,A,350,D,2,D
20191,03990453,8,0,1,105,D,,A,63,D,1,D
20191,03992283,19,0,1,105,D,,A,500,D,1,D
20191,03992413,75,0,1,105,D,,A,87,D,1,D
20191,03992653,55,0,1,105,D,,A,377,D,1,D
20191,03993043,8,0,1,105,D,,A,420,F,2,D
20191,03994013,39,0,1,200,D,,A,450,D,1,D
20191,03994233,51,0,1,105,D,,A,100,D,1,D
20191,03994664,16,0,1,105,D,,A,200,D,1,D
20191,03995533,42,0,1,105,D,,A,600,D,1,D
20191,04007292,22,0,1,105,D,,A,95,D,1,D
20191,04007612,26,0,1,105,D,,A,150,D,1,D
20191,04008112,22,0,1,200,D,,A,180,D,2,D
20191,04008632,42,0,1,105,D,,A,502,D,1,D
20191,04009942,41,0,1,105,D,,A,1086,D,2,D
20191,04011672,43,0,1,105,D,,A,800,D,1,D
20191,04012422,26,0,1,105,D,,A,30,D,2,D
20191,04013312,24,0,1,105,D,,A,70,D,2,D
20191,04014334,19,0,1,105,D,,A,400,D,1,D
20191,04014692,41,0,1,105,D,,A,200,D,1,D
20191,04015282,54,0,1,105,D,,A,240,D,1,D
20191,04015482,20,0,1,160,D,,A,35,D,2,D
20191,04016532,33,0,1,105,D,,A,725,D,1,D
20191,04016582,54,0,1,105,D,,A,600,D,1,D
20191,04016772,52,0,1,105,D,,A,300,D,1,D
20191,04016872,36,0,1,105,D,,A,60,D,2,D
20191,04017032,45,0,1,105,D,,A,200,D,1,D
20191,04017192,15,0,1,200,D,,A,90,D,2,D
20191,04017262,46,0,1,105,D,,A,118,D,2,D
20191,04028122,25,0,1,105,D,,A,294,D,1,D
20191,04030632,47,0,1,105,D,,A,300,D,1,D
20191,04030772,40,0,1,105,D,,A,30,D,1,D
20191,04031462,16,0,1,105,D,,A,1200,D,2,D
20191,04031462,17,0,1,105,D,,A,1000,D,2,D
20191,04032392,72,0,1,105,D,,A,235,D,1,D
20191,04032442,30,0,1,150,D,,A,48,D,2,D
20191,04032952,24,0,1,105,D,,A,350,D,1,D
20191,04033252,12,0,1,105,D,,A,400,D,1,D
20191,04034162,20,0,1,105,D,,A,400,D,1,D
20191,04034292,49,0,1,105,D,,A,200,D,1,D
20191,04034402,62,0,1,105,D,,A,200,D,1,D
20191,04036862,28,0,1,105,D,,A,90,D,2,D
20191,04037582,11,0,1,105,D,,A,35,D,2,D
20191,04038612,50,0,1,105,D,,A,550,D,1,D
20191,04041332,15,0,1,105,D,,A,270,D,1,D
20191,04043262,22,0,1,105,D,,A,282,F,2,D
20191,04043412,13,0,1,105,D,,A,90,D,2,D
20191,04043522,24,0,1,105,D,,A,240,D,2,D
20191,04043522,25,0,1,150,D,,A,60,D,1,D
20191,04044062,23,0,1,105,D,,A,328,D,2,D
20191,04044542,42,0,1,105,D,,A,275,D,1,D
20191,04044562,41,0,1,105,D,,A,500,D,1,D
20191,04045002,28,0,1,105,D,,A,696,D,2,D
20191,04046042,46,0,1,105,D,,A,120,D,1,D
20191,04070231,21,0,1,105,D,,A,80,D,1,D
20191,04072931,30,0,1,105,D,,A,60,D,2,D
20191,04073301,27,0,1,105,D,,A,179,D,1,D
20191,04073461,8,0,1,105,D,,A,250,D,1,D
20191,04073561,10,0,1,105,D,,A,111,D,1,D
20191,04074381,21,0,1,105,D,,A,300,D,1,D
20191,04074691,10,0,1,105,D,,A,1000,D,2,D
20191,04074881,14,0,1,105,D,,A,225,D,2,D
20191,04075491,4,0,1,105,D,,A,564,D,2,D
20191,04075771,23,0,1,105,D,,A,617,D,1,D
20191,04076831,23,0,1,105,D,1.0,D,0,D,1,D
20191,04077481,20,0,1,105,D,,A,80,D,2,D
20191,04077731,69,0,1,105,D,,A,1912,D,1,D
20191,04078113,17,0,1,105,D,,A,250,D,1,D
20191,04078621,33,0,1,105,D,,A,300,D,2,D
20191,04079431,13,0,1,105,D,,A,150,D,1,D
20191,04079581,21,0,1,105,D,1.0,D,0,D,1,D
20191,04079641,33,0,1,105,D,,A,200,D,1,D
20191,04079911,22,0,1,105,D,,A,60,D,1,D
20191,04080021,24,0,1,105,D,,A,282,F,1,D
20191,04091581,9,0,1,105,D,,A,134,D,1,D
20191,04091891,12,0,1,105,D,,A,750,D,2,D
20191,04091971,26,0,1,105,D,,A,210,D,2,D
20191,04092001,24,0,1,105,D,,A,50,D,1,D
20191,04092021,16,0,1,105,D,,A,200,D,1,D
20191,04092381,26,0,1,105,D,,A,420,D,2,D
20191,04092381,27,0,1,105,D,,A,420,D,2,D
20191,04092401,24,0,1,105,D,,A,100,D,1,D
20191,04092691,33,0,1,105,D,,A,350,D,1,D
20191,04092711,20,0,1,105,D,,A,150,D,1,D
20191,04093051,19,0,1,105,D,,A,142,D,2,D
20191,04093141,21,0,1,105,D,,A,30,D,2,D
20191,04093191,14,0,1,105,D,,A,600,D,1,D
20191,04095051,25,0,1,105,D,,A,300,D,2,D
20191,04095634,20,0,1,105,D,,A,250,D,1,D
20191,04095731,27,0,1,105,D,,A,20,D,1,D
20191,04095731,28,0,1,200,D,,A,10,D,1,D
20191,04095761,30,0,1,105,D,,A,500,D,1,D
20191,04096551,55,0,1,105,D,,A,179,D,1,D
20191,04097471,17,0,1,180,D,,A,30,D,1,D
20191,04097601,36,0,1,105,D,,A,800,D,1,D
20191,04097621,20,0,1,105,D,,A,150,D,1,D
20191,04098561,18,0,1,160,D,,A,35,F,2,D
20191,04099441,43,0,1,105,D,,A,30,D,2,D
20191,04100831,39,0,1,105,D,,A,1000,D,1,D
20191,04101681,23,0,1,105,D,,A,300,D,1,D
20191,04102261,23,0,1,105,D,,A,95,D,1,D
20191,04102661,27,0,1,105,D,,A,350,D,1,D
20191,04103213,8,0,1,105,D,,A,18,D,2,D
20191,04103351,26,0,1,105,D,,A,24,D,2,D
20191,04103771,14,0,1,105,D,,A,85,D,2,D
20191,04103771,15,0,1,105,D,,A,50,D,2,D
20191,04103821,27,0,1,105,D,,A,70,D,2,D
20191,04104081,17,0,1,105,D,.99,D,2,D,1,D
20191,04104231,27,0,1,105,D,,A,549,D,1,D
20191,04104571,11,0,1,105,D,,A,225,D,1,D
20191,04104921,15,0,1,105,D,,A,195,D,1,D
20191,04105421,36,0,1,105,D,,A,500,D,1,D
20191,04105861,29,0,1,105,D,,A,35,D,1,D
20191,04106371,4,0,1,105,D,,A,800,D,2,D
20191,04107171,24,0,1,105,D,,A,350,D,1,D
20191,04107271,9,0,1,105,D,,A,500,D,1,D
20191,04107371,30,0,1,105,D,,A,380,D,1,D
20191,04107891,23,0,1,105,D,,A,375,D,1,D
20191,04108151,23,0,1,105,D,,A,65,D,1,D
20191,04108434,28,0,1,105,D,,A,40,D,2,D
20191,04108861,14,0,1,105,D,,A,2250,D,2,D
20191,04109281,38,0,1,105,D,,A,150,D,1,D
20191,04109731,22,0,1,105,D,,A,335,D,2,D
20191,04109841,18,0,1,105,D,,A,146,D,1,D
20191,04109841,19,0,1,105,D,,A,190,D,1,D
20191,04110171,22,0,1,105,D,,A,700,D,1,D
